/*
 Navicat Premium Data Transfer

 Source Server         : dev
 Source Server Type    : MySQL
 Source Server Version : 50718
 Source Host           : localhost:3306
 Source Schema         : organization

 Target Server Type    : MySQL
 Target Server Version : 50718
 File Encoding         : 65001

 Date: 04/11/2020 14:40:41
*/

SET NAMES utf8mb4;
SET FOREIGN_KEY_CHECKS = 0;

-- ----------------------------
-- Table structure for org_business
-- ----------------------------
DROP TABLE IF EXISTS `org_business`;
CREATE TABLE `org_business`  (
  `id` int(11) NOT NULL AUTO_INCREMENT COMMENT '主键id',
  `name` varchar(100) CHARACTER SET utf8 COLLATE utf8_general_ci NOT NULL COMMENT '事业部名称',
  `description` varchar(255) CHARACTER SET utf8 COLLATE utf8_general_ci NULL DEFAULT NULL COMMENT '事业部描述',
  `create_by` varchar(11) CHARACTER SET utf8 COLLATE utf8_general_ci NULL DEFAULT NULL COMMENT '创建人',
  `create_time` timestamp(0) NOT NULL DEFAULT CURRENT_TIMESTAMP COMMENT '创建时间',
  `modify_by` varchar(11) CHARACTER SET utf8 COLLATE utf8_general_ci NULL DEFAULT NULL COMMENT '修改者',
  `modify_time` timestamp(0) NOT NULL DEFAULT CURRENT_TIMESTAMP ON UPDATE CURRENT_TIMESTAMP(0) COMMENT '修改时间',
  PRIMARY KEY (`id`) USING BTREE,
  UNIQUE INDEX `name`(`name`) USING BTREE
) ENGINE = InnoDB AUTO_INCREMENT = 6 CHARACTER SET = utf8 COLLATE = utf8_general_ci COMMENT = '事业部门表' ROW_FORMAT = Dynamic;

-- ----------------------------
-- Records of org_business
-- ----------------------------
INSERT INTO `org_business` VALUES (1, '国际事业部', '国际事业部', NULL, '2020-11-04 08:42:43', NULL, '2020-11-04 08:42:43');
INSERT INTO `org_business` VALUES (2, '娱乐事业部', '娱乐事业部', NULL, '2020-11-04 09:02:42', NULL, '2020-11-04 09:02:42');
INSERT INTO `org_business` VALUES (4, '社交云平台事业部', '社交云平台事业部', NULL, '2020-11-04 09:06:20', NULL, '2020-11-04 09:06:20');

-- ----------------------------
-- Table structure for org_department
-- ----------------------------
DROP TABLE IF EXISTS `org_department`;
CREATE TABLE `org_department`  (
  `id` int(11) NOT NULL AUTO_INCREMENT COMMENT '主键id',
  `business_id` int(11) NOT NULL COMMENT '事业部id',
  `name` varchar(100) CHARACTER SET utf8 COLLATE utf8_general_ci NOT NULL COMMENT '部门名称',
  `description` varchar(255) CHARACTER SET utf8 COLLATE utf8_general_ci NULL DEFAULT NULL COMMENT '部门描述',
  `create_by` varchar(11) CHARACTER SET utf8 COLLATE utf8_general_ci NULL DEFAULT NULL COMMENT '创建人',
  `create_time` timestamp(0) NOT NULL DEFAULT CURRENT_TIMESTAMP COMMENT '创建时间',
  `modify_by` varchar(11) CHARACTER SET utf8 COLLATE utf8_general_ci NULL DEFAULT NULL COMMENT '修改者',
  `modify_time` timestamp(0) NOT NULL DEFAULT CURRENT_TIMESTAMP ON UPDATE CURRENT_TIMESTAMP(0) COMMENT '修改时间',
  PRIMARY KEY (`id`) USING BTREE
) ENGINE = InnoDB AUTO_INCREMENT = 20 CHARACTER SET = utf8 COLLATE = utf8_general_ci COMMENT = '部门表' ROW_FORMAT = Dynamic;

-- ----------------------------
-- Records of org_department
-- ----------------------------
INSERT INTO `org_department` VALUES (1, 1, '人力资源部', '人力资源部', NULL, '2020-11-04 09:44:14', NULL, '2020-11-04 09:44:14');
INSERT INTO `org_department` VALUES (2, 2, '人力资源部', '人力资源部', NULL, '2020-11-04 09:44:21', NULL, '2020-11-04 09:44:21');
INSERT INTO `org_department` VALUES (3, 4, '人力资源部', '人力资源部', NULL, '2020-11-04 09:44:26', NULL, '2020-11-04 09:44:26');
INSERT INTO `org_department` VALUES (4, 4, '技术部', '技术', NULL, '2020-11-04 09:44:40', NULL, '2020-11-04 09:44:40');
INSERT INTO `org_department` VALUES (5, 2, '技术部', '技术', NULL, '2020-11-04 09:44:44', NULL, '2020-11-04 09:44:44');
INSERT INTO `org_department` VALUES (6, 1, '技术部', '技术', NULL, '2020-11-04 09:44:48', NULL, '2020-11-04 09:44:48');
INSERT INTO `org_department` VALUES (7, 1, '运营部', '运营部', NULL, '2020-11-04 09:45:14', NULL, '2020-11-04 09:45:14');
INSERT INTO `org_department` VALUES (8, 2, '运营部', '运营部', NULL, '2020-11-04 09:45:17', NULL, '2020-11-04 09:45:17');
INSERT INTO `org_department` VALUES (9, 3, '运营部', '运营部', NULL, '2020-11-04 09:45:20', NULL, '2020-11-04 09:45:20');
INSERT INTO `org_department` VALUES (10, 4, '财务部', '财务部', NULL, '2020-11-04 09:45:35', NULL, '2020-11-04 09:45:35');
INSERT INTO `org_department` VALUES (11, 2, '财务部', '财务部', NULL, '2020-11-04 09:45:38', NULL, '2020-11-04 09:45:38');
INSERT INTO `org_department` VALUES (12, 1, '财务部', '财务部', NULL, '2020-11-04 09:45:41', NULL, '2020-11-04 09:45:41');
INSERT INTO `org_department` VALUES (13, 1, '后勤部', '后勤部', NULL, '2020-11-04 09:46:10', NULL, '2020-11-04 09:46:10');
INSERT INTO `org_department` VALUES (14, 2, '后勤部', '后勤部', NULL, '2020-11-04 09:46:13', NULL, '2020-11-04 09:46:13');
INSERT INTO `org_department` VALUES (15, 4, '后勤部', '后勤部', NULL, '2020-11-04 09:46:18', NULL, '2020-11-04 09:46:18');
INSERT INTO `org_department` VALUES (16, 4, '法务部', '法务部', NULL, '2020-11-04 09:48:27', NULL, '2020-11-04 09:48:27');
INSERT INTO `org_department` VALUES (17, 1, '法务部', '法务部', NULL, '2020-11-04 09:48:30', NULL, '2020-11-04 09:48:30');
INSERT INTO `org_department` VALUES (19, 2, '法务部', '法务部', NULL, '2020-11-04 09:48:33', NULL, '2020-11-04 09:48:33');

-- ----------------------------
-- Table structure for org_group
-- ----------------------------
DROP TABLE IF EXISTS `org_group`;
CREATE TABLE `org_group`  (
  `id` int(11) NOT NULL AUTO_INCREMENT,
  `user_id` int(11) NULL DEFAULT NULL,
  PRIMARY KEY (`id`) USING BTREE,
  UNIQUE INDEX `user_id`(`user_id`) USING BTREE
) ENGINE = InnoDB AUTO_INCREMENT = 419 CHARACTER SET = utf8 COLLATE = utf8_general_ci ROW_FORMAT = Dynamic;

-- ----------------------------
-- Records of org_group
-- ----------------------------
INSERT INTO `org_group` VALUES (96, 84);
INSERT INTO `org_group` VALUES (418, 85);
INSERT INTO `org_group` VALUES (187, 91);
INSERT INTO `org_group` VALUES (233, 96);
INSERT INTO `org_group` VALUES (279, 97);
INSERT INTO `org_group` VALUES (97, 103);
INSERT INTO `org_group` VALUES (143, 104);
INSERT INTO `org_group` VALUES (188, 110);
INSERT INTO `org_group` VALUES (234, 115);
INSERT INTO `org_group` VALUES (280, 116);
INSERT INTO `org_group` VALUES (98, 122);
INSERT INTO `org_group` VALUES (141, 123);
INSERT INTO `org_group` VALUES (325, 125);
INSERT INTO `org_group` VALUES (189, 129);
INSERT INTO `org_group` VALUES (235, 134);
INSERT INTO `org_group` VALUES (281, 135);
INSERT INTO `org_group` VALUES (99, 141);
INSERT INTO `org_group` VALUES (144, 142);
INSERT INTO `org_group` VALUES (190, 148);
INSERT INTO `org_group` VALUES (236, 153);
INSERT INTO `org_group` VALUES (282, 154);
INSERT INTO `org_group` VALUES (100, 160);
INSERT INTO `org_group` VALUES (145, 161);
INSERT INTO `org_group` VALUES (191, 167);
INSERT INTO `org_group` VALUES (237, 172);
INSERT INTO `org_group` VALUES (283, 173);
INSERT INTO `org_group` VALUES (101, 179);
INSERT INTO `org_group` VALUES (146, 180);
INSERT INTO `org_group` VALUES (192, 186);
INSERT INTO `org_group` VALUES (238, 191);
INSERT INTO `org_group` VALUES (284, 192);
INSERT INTO `org_group` VALUES (102, 198);
INSERT INTO `org_group` VALUES (147, 199);
INSERT INTO `org_group` VALUES (193, 205);
INSERT INTO `org_group` VALUES (239, 210);
INSERT INTO `org_group` VALUES (285, 211);
INSERT INTO `org_group` VALUES (103, 217);
INSERT INTO `org_group` VALUES (148, 218);
INSERT INTO `org_group` VALUES (194, 224);
INSERT INTO `org_group` VALUES (240, 229);
INSERT INTO `org_group` VALUES (286, 230);
INSERT INTO `org_group` VALUES (104, 235);
INSERT INTO `org_group` VALUES (149, 236);
INSERT INTO `org_group` VALUES (195, 242);
INSERT INTO `org_group` VALUES (241, 247);
INSERT INTO `org_group` VALUES (287, 248);
INSERT INTO `org_group` VALUES (105, 254);
INSERT INTO `org_group` VALUES (150, 255);
INSERT INTO `org_group` VALUES (196, 261);
INSERT INTO `org_group` VALUES (242, 266);
INSERT INTO `org_group` VALUES (288, 267);
INSERT INTO `org_group` VALUES (106, 273);
INSERT INTO `org_group` VALUES (151, 274);
INSERT INTO `org_group` VALUES (197, 280);
INSERT INTO `org_group` VALUES (243, 285);
INSERT INTO `org_group` VALUES (289, 286);
INSERT INTO `org_group` VALUES (107, 292);
INSERT INTO `org_group` VALUES (152, 293);
INSERT INTO `org_group` VALUES (198, 299);
INSERT INTO `org_group` VALUES (244, 304);
INSERT INTO `org_group` VALUES (290, 305);
INSERT INTO `org_group` VALUES (108, 311);
INSERT INTO `org_group` VALUES (153, 312);
INSERT INTO `org_group` VALUES (199, 318);
INSERT INTO `org_group` VALUES (245, 323);
INSERT INTO `org_group` VALUES (291, 324);
INSERT INTO `org_group` VALUES (109, 330);
INSERT INTO `org_group` VALUES (154, 331);
INSERT INTO `org_group` VALUES (200, 337);
INSERT INTO `org_group` VALUES (246, 342);
INSERT INTO `org_group` VALUES (292, 343);
INSERT INTO `org_group` VALUES (110, 349);
INSERT INTO `org_group` VALUES (155, 350);
INSERT INTO `org_group` VALUES (201, 356);
INSERT INTO `org_group` VALUES (247, 361);
INSERT INTO `org_group` VALUES (293, 362);
INSERT INTO `org_group` VALUES (111, 368);
INSERT INTO `org_group` VALUES (156, 369);
INSERT INTO `org_group` VALUES (202, 375);
INSERT INTO `org_group` VALUES (248, 380);
INSERT INTO `org_group` VALUES (294, 381);
INSERT INTO `org_group` VALUES (112, 387);
INSERT INTO `org_group` VALUES (157, 388);
INSERT INTO `org_group` VALUES (203, 394);
INSERT INTO `org_group` VALUES (249, 399);
INSERT INTO `org_group` VALUES (295, 400);
INSERT INTO `org_group` VALUES (113, 406);
INSERT INTO `org_group` VALUES (158, 407);
INSERT INTO `org_group` VALUES (204, 413);
INSERT INTO `org_group` VALUES (250, 418);
INSERT INTO `org_group` VALUES (296, 419);
INSERT INTO `org_group` VALUES (114, 425);
INSERT INTO `org_group` VALUES (159, 426);
INSERT INTO `org_group` VALUES (205, 432);
INSERT INTO `org_group` VALUES (251, 437);
INSERT INTO `org_group` VALUES (297, 438);
INSERT INTO `org_group` VALUES (115, 444);
INSERT INTO `org_group` VALUES (160, 445);
INSERT INTO `org_group` VALUES (206, 451);
INSERT INTO `org_group` VALUES (252, 456);
INSERT INTO `org_group` VALUES (298, 457);
INSERT INTO `org_group` VALUES (116, 463);
INSERT INTO `org_group` VALUES (161, 464);
INSERT INTO `org_group` VALUES (207, 470);
INSERT INTO `org_group` VALUES (253, 475);
INSERT INTO `org_group` VALUES (299, 476);
INSERT INTO `org_group` VALUES (117, 482);
INSERT INTO `org_group` VALUES (162, 483);
INSERT INTO `org_group` VALUES (208, 489);
INSERT INTO `org_group` VALUES (254, 494);
INSERT INTO `org_group` VALUES (300, 495);
INSERT INTO `org_group` VALUES (118, 501);
INSERT INTO `org_group` VALUES (163, 502);
INSERT INTO `org_group` VALUES (209, 508);
INSERT INTO `org_group` VALUES (255, 513);
INSERT INTO `org_group` VALUES (301, 514);
INSERT INTO `org_group` VALUES (119, 520);
INSERT INTO `org_group` VALUES (164, 521);
INSERT INTO `org_group` VALUES (210, 527);
INSERT INTO `org_group` VALUES (256, 532);
INSERT INTO `org_group` VALUES (302, 533);
INSERT INTO `org_group` VALUES (120, 539);
INSERT INTO `org_group` VALUES (165, 540);
INSERT INTO `org_group` VALUES (211, 546);
INSERT INTO `org_group` VALUES (257, 551);
INSERT INTO `org_group` VALUES (303, 552);
INSERT INTO `org_group` VALUES (121, 558);
INSERT INTO `org_group` VALUES (166, 559);
INSERT INTO `org_group` VALUES (212, 565);
INSERT INTO `org_group` VALUES (258, 570);
INSERT INTO `org_group` VALUES (304, 571);
INSERT INTO `org_group` VALUES (122, 577);
INSERT INTO `org_group` VALUES (167, 578);
INSERT INTO `org_group` VALUES (213, 584);
INSERT INTO `org_group` VALUES (259, 589);
INSERT INTO `org_group` VALUES (305, 590);
INSERT INTO `org_group` VALUES (123, 596);
INSERT INTO `org_group` VALUES (168, 597);
INSERT INTO `org_group` VALUES (214, 603);
INSERT INTO `org_group` VALUES (260, 608);
INSERT INTO `org_group` VALUES (306, 609);
INSERT INTO `org_group` VALUES (124, 615);
INSERT INTO `org_group` VALUES (169, 616);
INSERT INTO `org_group` VALUES (215, 622);
INSERT INTO `org_group` VALUES (261, 627);
INSERT INTO `org_group` VALUES (307, 628);
INSERT INTO `org_group` VALUES (125, 634);
INSERT INTO `org_group` VALUES (170, 635);
INSERT INTO `org_group` VALUES (216, 641);
INSERT INTO `org_group` VALUES (262, 646);
INSERT INTO `org_group` VALUES (308, 647);
INSERT INTO `org_group` VALUES (126, 653);
INSERT INTO `org_group` VALUES (171, 654);
INSERT INTO `org_group` VALUES (217, 660);
INSERT INTO `org_group` VALUES (263, 665);
INSERT INTO `org_group` VALUES (309, 666);
INSERT INTO `org_group` VALUES (127, 672);
INSERT INTO `org_group` VALUES (172, 673);
INSERT INTO `org_group` VALUES (218, 679);
INSERT INTO `org_group` VALUES (264, 684);
INSERT INTO `org_group` VALUES (310, 685);
INSERT INTO `org_group` VALUES (128, 691);
INSERT INTO `org_group` VALUES (173, 692);
INSERT INTO `org_group` VALUES (219, 698);
INSERT INTO `org_group` VALUES (265, 703);
INSERT INTO `org_group` VALUES (311, 704);
INSERT INTO `org_group` VALUES (129, 710);
INSERT INTO `org_group` VALUES (174, 711);
INSERT INTO `org_group` VALUES (220, 717);
INSERT INTO `org_group` VALUES (266, 722);
INSERT INTO `org_group` VALUES (312, 723);
INSERT INTO `org_group` VALUES (130, 729);
INSERT INTO `org_group` VALUES (175, 730);
INSERT INTO `org_group` VALUES (221, 736);
INSERT INTO `org_group` VALUES (267, 741);
INSERT INTO `org_group` VALUES (313, 742);
INSERT INTO `org_group` VALUES (131, 748);
INSERT INTO `org_group` VALUES (176, 749);
INSERT INTO `org_group` VALUES (222, 755);
INSERT INTO `org_group` VALUES (268, 760);
INSERT INTO `org_group` VALUES (314, 761);
INSERT INTO `org_group` VALUES (132, 767);
INSERT INTO `org_group` VALUES (177, 768);
INSERT INTO `org_group` VALUES (223, 774);
INSERT INTO `org_group` VALUES (269, 779);
INSERT INTO `org_group` VALUES (315, 780);
INSERT INTO `org_group` VALUES (133, 786);
INSERT INTO `org_group` VALUES (178, 787);
INSERT INTO `org_group` VALUES (224, 793);
INSERT INTO `org_group` VALUES (270, 798);
INSERT INTO `org_group` VALUES (316, 799);
INSERT INTO `org_group` VALUES (134, 805);
INSERT INTO `org_group` VALUES (179, 806);
INSERT INTO `org_group` VALUES (225, 812);
INSERT INTO `org_group` VALUES (271, 817);
INSERT INTO `org_group` VALUES (317, 818);
INSERT INTO `org_group` VALUES (135, 824);
INSERT INTO `org_group` VALUES (180, 825);
INSERT INTO `org_group` VALUES (226, 831);
INSERT INTO `org_group` VALUES (272, 836);
INSERT INTO `org_group` VALUES (318, 837);
INSERT INTO `org_group` VALUES (136, 843);
INSERT INTO `org_group` VALUES (181, 844);
INSERT INTO `org_group` VALUES (227, 850);
INSERT INTO `org_group` VALUES (273, 855);
INSERT INTO `org_group` VALUES (319, 856);
INSERT INTO `org_group` VALUES (137, 862);
INSERT INTO `org_group` VALUES (182, 863);
INSERT INTO `org_group` VALUES (228, 869);
INSERT INTO `org_group` VALUES (274, 874);
INSERT INTO `org_group` VALUES (320, 875);
INSERT INTO `org_group` VALUES (138, 881);
INSERT INTO `org_group` VALUES (183, 882);
INSERT INTO `org_group` VALUES (229, 888);
INSERT INTO `org_group` VALUES (275, 893);
INSERT INTO `org_group` VALUES (321, 894);
INSERT INTO `org_group` VALUES (139, 900);
INSERT INTO `org_group` VALUES (184, 901);
INSERT INTO `org_group` VALUES (230, 907);
INSERT INTO `org_group` VALUES (276, 912);
INSERT INTO `org_group` VALUES (322, 913);
INSERT INTO `org_group` VALUES (185, 920);
INSERT INTO `org_group` VALUES (231, 926);
INSERT INTO `org_group` VALUES (277, 931);
INSERT INTO `org_group` VALUES (323, 932);
INSERT INTO `org_group` VALUES (140, 938);
INSERT INTO `org_group` VALUES (186, 939);
INSERT INTO `org_group` VALUES (232, 945);
INSERT INTO `org_group` VALUES (278, 950);
INSERT INTO `org_group` VALUES (324, 951);

-- ----------------------------
-- Table structure for org_user
-- ----------------------------
DROP TABLE IF EXISTS `org_user`;
CREATE TABLE `org_user`  (
  `id` int(11) NOT NULL AUTO_INCREMENT COMMENT '主键id',
  `department_id` int(11) NOT NULL COMMENT '部门id',
  `name` varchar(100) CHARACTER SET utf8 COLLATE utf8_general_ci NOT NULL COMMENT '名字',
  `username` varchar(255) CHARACTER SET utf8 COLLATE utf8_general_ci NULL DEFAULT NULL COMMENT '工号',
  `create_by` varchar(11) CHARACTER SET utf8 COLLATE utf8_general_ci NULL DEFAULT NULL COMMENT '创建人',
  `create_time` timestamp(0) NOT NULL DEFAULT CURRENT_TIMESTAMP COMMENT '创建时间',
  `modify_by` varchar(11) CHARACTER SET utf8 COLLATE utf8_general_ci NULL DEFAULT NULL COMMENT '修改者',
  `modify_time` timestamp(0) NOT NULL DEFAULT CURRENT_TIMESTAMP ON UPDATE CURRENT_TIMESTAMP(0) COMMENT '修改时间',
  PRIMARY KEY (`id`) USING BTREE
) ENGINE = InnoDB AUTO_INCREMENT = 955 CHARACTER SET = utf8 COLLATE = utf8_general_ci COMMENT = '成员表' ROW_FORMAT = Dynamic;

-- ----------------------------
-- Records of org_user
-- ----------------------------
INSERT INTO `org_user` VALUES (81, 0, '马云', NULL, NULL, '2020-11-04 10:20:13', NULL, '2020-11-04 10:20:13');
INSERT INTO `org_user` VALUES (82, 1, '马云', NULL, NULL, '2020-11-04 10:20:13', NULL, '2020-11-04 10:20:13');
INSERT INTO `org_user` VALUES (83, 2, '马云', NULL, NULL, '2020-11-04 10:20:13', NULL, '2020-11-04 10:20:13');
INSERT INTO `org_user` VALUES (84, 3, '马云', NULL, NULL, '2020-11-04 10:20:13', NULL, '2020-11-04 10:20:13');
INSERT INTO `org_user` VALUES (85, 4, '马云', NULL, NULL, '2020-11-04 10:20:13', NULL, '2020-11-04 10:20:13');
INSERT INTO `org_user` VALUES (86, 5, '马云', NULL, NULL, '2020-11-04 10:20:13', NULL, '2020-11-04 10:20:13');
INSERT INTO `org_user` VALUES (87, 6, '马云', NULL, NULL, '2020-11-04 10:20:13', NULL, '2020-11-04 10:20:13');
INSERT INTO `org_user` VALUES (88, 7, '马云', NULL, NULL, '2020-11-04 10:20:13', NULL, '2020-11-04 10:20:13');
INSERT INTO `org_user` VALUES (89, 8, '马云', NULL, NULL, '2020-11-04 10:20:13', NULL, '2020-11-04 10:20:13');
INSERT INTO `org_user` VALUES (90, 9, '马云', NULL, NULL, '2020-11-04 10:20:13', NULL, '2020-11-04 10:20:13');
INSERT INTO `org_user` VALUES (91, 10, '马云', NULL, NULL, '2020-11-04 10:20:13', NULL, '2020-11-04 10:20:13');
INSERT INTO `org_user` VALUES (92, 11, '马云', NULL, NULL, '2020-11-04 10:20:13', NULL, '2020-11-04 10:20:13');
INSERT INTO `org_user` VALUES (93, 12, '马云', NULL, NULL, '2020-11-04 10:20:13', NULL, '2020-11-04 10:20:13');
INSERT INTO `org_user` VALUES (94, 13, '马云', NULL, NULL, '2020-11-04 10:20:13', NULL, '2020-11-04 10:20:13');
INSERT INTO `org_user` VALUES (95, 14, '马云', NULL, NULL, '2020-11-04 10:20:13', NULL, '2020-11-04 10:20:13');
INSERT INTO `org_user` VALUES (96, 15, '马云', NULL, NULL, '2020-11-04 10:20:13', NULL, '2020-11-04 10:20:13');
INSERT INTO `org_user` VALUES (97, 16, '马云', NULL, NULL, '2020-11-04 10:20:13', NULL, '2020-11-04 10:20:13');
INSERT INTO `org_user` VALUES (98, 17, '马云', NULL, NULL, '2020-11-04 10:20:13', NULL, '2020-11-04 10:20:13');
INSERT INTO `org_user` VALUES (99, 18, '马云', NULL, NULL, '2020-11-04 10:20:13', NULL, '2020-11-04 10:20:13');
INSERT INTO `org_user` VALUES (100, 0, '马化腾', NULL, NULL, '2020-11-04 10:20:29', NULL, '2020-11-04 10:20:29');
INSERT INTO `org_user` VALUES (101, 1, '马化腾', NULL, NULL, '2020-11-04 10:20:29', NULL, '2020-11-04 10:20:29');
INSERT INTO `org_user` VALUES (102, 2, '马化腾', NULL, NULL, '2020-11-04 10:20:29', NULL, '2020-11-04 10:20:29');
INSERT INTO `org_user` VALUES (103, 3, '马化腾', NULL, NULL, '2020-11-04 10:20:29', NULL, '2020-11-04 10:20:29');
INSERT INTO `org_user` VALUES (104, 4, '马化腾', NULL, NULL, '2020-11-04 10:20:29', NULL, '2020-11-04 10:20:29');
INSERT INTO `org_user` VALUES (105, 5, '马化腾', NULL, NULL, '2020-11-04 10:20:29', NULL, '2020-11-04 10:20:29');
INSERT INTO `org_user` VALUES (106, 6, '马化腾', NULL, NULL, '2020-11-04 10:20:29', NULL, '2020-11-04 10:20:29');
INSERT INTO `org_user` VALUES (107, 7, '马化腾', NULL, NULL, '2020-11-04 10:20:29', NULL, '2020-11-04 10:20:29');
INSERT INTO `org_user` VALUES (108, 8, '马化腾', NULL, NULL, '2020-11-04 10:20:29', NULL, '2020-11-04 10:20:29');
INSERT INTO `org_user` VALUES (109, 9, '马化腾', NULL, NULL, '2020-11-04 10:20:29', NULL, '2020-11-04 10:20:29');
INSERT INTO `org_user` VALUES (110, 10, '马化腾', NULL, NULL, '2020-11-04 10:20:29', NULL, '2020-11-04 10:20:29');
INSERT INTO `org_user` VALUES (111, 11, '马化腾', NULL, NULL, '2020-11-04 10:20:29', NULL, '2020-11-04 10:20:29');
INSERT INTO `org_user` VALUES (112, 12, '马化腾', NULL, NULL, '2020-11-04 10:20:29', NULL, '2020-11-04 10:20:29');
INSERT INTO `org_user` VALUES (113, 13, '马化腾', NULL, NULL, '2020-11-04 10:20:29', NULL, '2020-11-04 10:20:29');
INSERT INTO `org_user` VALUES (114, 14, '马化腾', NULL, NULL, '2020-11-04 10:20:29', NULL, '2020-11-04 10:20:29');
INSERT INTO `org_user` VALUES (115, 15, '马化腾', NULL, NULL, '2020-11-04 10:20:29', NULL, '2020-11-04 10:20:29');
INSERT INTO `org_user` VALUES (116, 16, '马化腾', NULL, NULL, '2020-11-04 10:20:29', NULL, '2020-11-04 10:20:29');
INSERT INTO `org_user` VALUES (117, 17, '马化腾', NULL, NULL, '2020-11-04 10:20:29', NULL, '2020-11-04 10:20:29');
INSERT INTO `org_user` VALUES (118, 18, '马化腾', NULL, NULL, '2020-11-04 10:20:29', NULL, '2020-11-04 10:20:29');
INSERT INTO `org_user` VALUES (119, 0, '朱桦', NULL, NULL, '2020-11-04 10:20:53', NULL, '2020-11-04 10:20:53');
INSERT INTO `org_user` VALUES (120, 1, '朱桦', NULL, NULL, '2020-11-04 10:20:53', NULL, '2020-11-04 10:20:53');
INSERT INTO `org_user` VALUES (121, 2, '朱桦', NULL, NULL, '2020-11-04 10:20:53', NULL, '2020-11-04 10:20:53');
INSERT INTO `org_user` VALUES (122, 3, '朱桦', NULL, NULL, '2020-11-04 10:20:53', NULL, '2020-11-04 10:20:53');
INSERT INTO `org_user` VALUES (123, 4, '朱桦', NULL, NULL, '2020-11-04 10:20:53', NULL, '2020-11-04 10:20:53');
INSERT INTO `org_user` VALUES (124, 5, '朱桦', NULL, NULL, '2020-11-04 10:20:53', NULL, '2020-11-04 10:20:53');
INSERT INTO `org_user` VALUES (125, 6, '朱桦', NULL, NULL, '2020-11-04 10:20:53', NULL, '2020-11-04 10:20:53');
INSERT INTO `org_user` VALUES (126, 7, '朱桦', NULL, NULL, '2020-11-04 10:20:53', NULL, '2020-11-04 10:20:53');
INSERT INTO `org_user` VALUES (127, 8, '朱桦', NULL, NULL, '2020-11-04 10:20:53', NULL, '2020-11-04 10:20:53');
INSERT INTO `org_user` VALUES (128, 9, '朱桦', NULL, NULL, '2020-11-04 10:20:53', NULL, '2020-11-04 10:20:53');
INSERT INTO `org_user` VALUES (129, 10, '朱桦', NULL, NULL, '2020-11-04 10:20:53', NULL, '2020-11-04 10:20:53');
INSERT INTO `org_user` VALUES (130, 11, '朱桦', NULL, NULL, '2020-11-04 10:20:53', NULL, '2020-11-04 10:20:53');
INSERT INTO `org_user` VALUES (131, 12, '朱桦', NULL, NULL, '2020-11-04 10:20:53', NULL, '2020-11-04 10:20:53');
INSERT INTO `org_user` VALUES (132, 13, '朱桦', NULL, NULL, '2020-11-04 10:20:53', NULL, '2020-11-04 10:20:53');
INSERT INTO `org_user` VALUES (133, 14, '朱桦', NULL, NULL, '2020-11-04 10:20:53', NULL, '2020-11-04 10:20:53');
INSERT INTO `org_user` VALUES (134, 15, '朱桦', NULL, NULL, '2020-11-04 10:20:53', NULL, '2020-11-04 10:20:53');
INSERT INTO `org_user` VALUES (135, 16, '朱桦', NULL, NULL, '2020-11-04 10:20:53', NULL, '2020-11-04 10:20:53');
INSERT INTO `org_user` VALUES (136, 17, '朱桦', NULL, NULL, '2020-11-04 10:20:53', NULL, '2020-11-04 10:20:53');
INSERT INTO `org_user` VALUES (137, 18, '朱桦', NULL, NULL, '2020-11-04 10:20:53', NULL, '2020-11-04 10:20:53');
INSERT INTO `org_user` VALUES (138, 0, '周星星', NULL, NULL, '2020-11-04 10:21:18', NULL, '2020-11-04 10:21:18');
INSERT INTO `org_user` VALUES (139, 1, '周星星', NULL, NULL, '2020-11-04 10:21:18', NULL, '2020-11-04 10:21:18');
INSERT INTO `org_user` VALUES (140, 2, '周星星', NULL, NULL, '2020-11-04 10:21:18', NULL, '2020-11-04 10:21:18');
INSERT INTO `org_user` VALUES (141, 3, '周星星', NULL, NULL, '2020-11-04 10:21:18', NULL, '2020-11-04 10:21:18');
INSERT INTO `org_user` VALUES (142, 4, '周星星', NULL, NULL, '2020-11-04 10:21:18', NULL, '2020-11-04 10:21:18');
INSERT INTO `org_user` VALUES (143, 5, '周星星', NULL, NULL, '2020-11-04 10:21:18', NULL, '2020-11-04 10:21:18');
INSERT INTO `org_user` VALUES (144, 6, '周星星', NULL, NULL, '2020-11-04 10:21:18', NULL, '2020-11-04 10:21:18');
INSERT INTO `org_user` VALUES (145, 7, '周星星', NULL, NULL, '2020-11-04 10:21:18', NULL, '2020-11-04 10:21:18');
INSERT INTO `org_user` VALUES (146, 8, '周星星', NULL, NULL, '2020-11-04 10:21:18', NULL, '2020-11-04 10:21:18');
INSERT INTO `org_user` VALUES (147, 9, '周星星', NULL, NULL, '2020-11-04 10:21:18', NULL, '2020-11-04 10:21:18');
INSERT INTO `org_user` VALUES (148, 10, '周星星', NULL, NULL, '2020-11-04 10:21:18', NULL, '2020-11-04 10:21:18');
INSERT INTO `org_user` VALUES (149, 11, '周星星', NULL, NULL, '2020-11-04 10:21:18', NULL, '2020-11-04 10:21:18');
INSERT INTO `org_user` VALUES (150, 12, '周星星', NULL, NULL, '2020-11-04 10:21:18', NULL, '2020-11-04 10:21:18');
INSERT INTO `org_user` VALUES (151, 13, '周星星', NULL, NULL, '2020-11-04 10:21:18', NULL, '2020-11-04 10:21:18');
INSERT INTO `org_user` VALUES (152, 14, '周星星', NULL, NULL, '2020-11-04 10:21:18', NULL, '2020-11-04 10:21:18');
INSERT INTO `org_user` VALUES (153, 15, '周星星', NULL, NULL, '2020-11-04 10:21:18', NULL, '2020-11-04 10:21:18');
INSERT INTO `org_user` VALUES (154, 16, '周星星', NULL, NULL, '2020-11-04 10:21:18', NULL, '2020-11-04 10:21:18');
INSERT INTO `org_user` VALUES (155, 17, '周星星', NULL, NULL, '2020-11-04 10:21:18', NULL, '2020-11-04 10:21:18');
INSERT INTO `org_user` VALUES (156, 18, '周星星', NULL, NULL, '2020-11-04 10:21:18', NULL, '2020-11-04 10:21:18');
INSERT INTO `org_user` VALUES (157, 0, '依梦', NULL, NULL, '2020-11-04 10:21:27', NULL, '2020-11-04 10:21:27');
INSERT INTO `org_user` VALUES (158, 1, '依梦', NULL, NULL, '2020-11-04 10:21:27', NULL, '2020-11-04 10:21:27');
INSERT INTO `org_user` VALUES (159, 2, '依梦', NULL, NULL, '2020-11-04 10:21:27', NULL, '2020-11-04 10:21:27');
INSERT INTO `org_user` VALUES (160, 3, '依梦', NULL, NULL, '2020-11-04 10:21:27', NULL, '2020-11-04 10:21:27');
INSERT INTO `org_user` VALUES (161, 4, '依梦', NULL, NULL, '2020-11-04 10:21:27', NULL, '2020-11-04 10:21:27');
INSERT INTO `org_user` VALUES (162, 5, '依梦', NULL, NULL, '2020-11-04 10:21:27', NULL, '2020-11-04 10:21:27');
INSERT INTO `org_user` VALUES (163, 6, '依梦', NULL, NULL, '2020-11-04 10:21:27', NULL, '2020-11-04 10:21:27');
INSERT INTO `org_user` VALUES (164, 7, '依梦', NULL, NULL, '2020-11-04 10:21:27', NULL, '2020-11-04 10:21:27');
INSERT INTO `org_user` VALUES (165, 8, '依梦', NULL, NULL, '2020-11-04 10:21:27', NULL, '2020-11-04 10:21:27');
INSERT INTO `org_user` VALUES (166, 9, '依梦', NULL, NULL, '2020-11-04 10:21:27', NULL, '2020-11-04 10:21:27');
INSERT INTO `org_user` VALUES (167, 10, '依梦', NULL, NULL, '2020-11-04 10:21:27', NULL, '2020-11-04 10:21:27');
INSERT INTO `org_user` VALUES (168, 11, '依梦', NULL, NULL, '2020-11-04 10:21:27', NULL, '2020-11-04 10:21:27');
INSERT INTO `org_user` VALUES (169, 12, '依梦', NULL, NULL, '2020-11-04 10:21:27', NULL, '2020-11-04 10:21:27');
INSERT INTO `org_user` VALUES (170, 13, '依梦', NULL, NULL, '2020-11-04 10:21:27', NULL, '2020-11-04 10:21:27');
INSERT INTO `org_user` VALUES (171, 14, '依梦', NULL, NULL, '2020-11-04 10:21:27', NULL, '2020-11-04 10:21:27');
INSERT INTO `org_user` VALUES (172, 15, '依梦', NULL, NULL, '2020-11-04 10:21:27', NULL, '2020-11-04 10:21:27');
INSERT INTO `org_user` VALUES (173, 16, '依梦', NULL, NULL, '2020-11-04 10:21:27', NULL, '2020-11-04 10:21:27');
INSERT INTO `org_user` VALUES (174, 17, '依梦', NULL, NULL, '2020-11-04 10:21:27', NULL, '2020-11-04 10:21:27');
INSERT INTO `org_user` VALUES (175, 18, '依梦', NULL, NULL, '2020-11-04 10:21:27', NULL, '2020-11-04 10:21:27');
INSERT INTO `org_user` VALUES (176, 0, '龙五', NULL, NULL, '2020-11-04 10:21:47', NULL, '2020-11-04 10:21:47');
INSERT INTO `org_user` VALUES (177, 1, '龙五', NULL, NULL, '2020-11-04 10:21:47', NULL, '2020-11-04 10:21:47');
INSERT INTO `org_user` VALUES (178, 2, '龙五', NULL, NULL, '2020-11-04 10:21:47', NULL, '2020-11-04 10:21:47');
INSERT INTO `org_user` VALUES (179, 3, '龙五', NULL, NULL, '2020-11-04 10:21:47', NULL, '2020-11-04 10:21:47');
INSERT INTO `org_user` VALUES (180, 4, '龙五', NULL, NULL, '2020-11-04 10:21:47', NULL, '2020-11-04 10:21:47');
INSERT INTO `org_user` VALUES (181, 5, '龙五', NULL, NULL, '2020-11-04 10:21:47', NULL, '2020-11-04 10:21:47');
INSERT INTO `org_user` VALUES (182, 6, '龙五', NULL, NULL, '2020-11-04 10:21:47', NULL, '2020-11-04 10:21:47');
INSERT INTO `org_user` VALUES (183, 7, '龙五', NULL, NULL, '2020-11-04 10:21:47', NULL, '2020-11-04 10:21:47');
INSERT INTO `org_user` VALUES (184, 8, '龙五', NULL, NULL, '2020-11-04 10:21:47', NULL, '2020-11-04 10:21:47');
INSERT INTO `org_user` VALUES (185, 9, '龙五', NULL, NULL, '2020-11-04 10:21:47', NULL, '2020-11-04 10:21:47');
INSERT INTO `org_user` VALUES (186, 10, '龙五', NULL, NULL, '2020-11-04 10:21:47', NULL, '2020-11-04 10:21:47');
INSERT INTO `org_user` VALUES (187, 11, '龙五', NULL, NULL, '2020-11-04 10:21:47', NULL, '2020-11-04 10:21:47');
INSERT INTO `org_user` VALUES (188, 12, '龙五', NULL, NULL, '2020-11-04 10:21:47', NULL, '2020-11-04 10:21:47');
INSERT INTO `org_user` VALUES (189, 13, '龙五', NULL, NULL, '2020-11-04 10:21:47', NULL, '2020-11-04 10:21:47');
INSERT INTO `org_user` VALUES (190, 14, '龙五', NULL, NULL, '2020-11-04 10:21:47', NULL, '2020-11-04 10:21:47');
INSERT INTO `org_user` VALUES (191, 15, '龙五', NULL, NULL, '2020-11-04 10:21:47', NULL, '2020-11-04 10:21:47');
INSERT INTO `org_user` VALUES (192, 16, '龙五', NULL, NULL, '2020-11-04 10:21:47', NULL, '2020-11-04 10:21:47');
INSERT INTO `org_user` VALUES (193, 17, '龙五', NULL, NULL, '2020-11-04 10:21:47', NULL, '2020-11-04 10:21:47');
INSERT INTO `org_user` VALUES (194, 18, '龙五', NULL, NULL, '2020-11-04 10:21:47', NULL, '2020-11-04 10:21:47');
INSERT INTO `org_user` VALUES (195, 0, '徐志摩', NULL, NULL, '2020-11-04 10:21:55', NULL, '2020-11-04 10:21:55');
INSERT INTO `org_user` VALUES (196, 1, '徐志摩', NULL, NULL, '2020-11-04 10:21:55', NULL, '2020-11-04 10:21:55');
INSERT INTO `org_user` VALUES (197, 2, '徐志摩', NULL, NULL, '2020-11-04 10:21:55', NULL, '2020-11-04 10:21:55');
INSERT INTO `org_user` VALUES (198, 3, '徐志摩', NULL, NULL, '2020-11-04 10:21:55', NULL, '2020-11-04 10:21:55');
INSERT INTO `org_user` VALUES (199, 4, '徐志摩', NULL, NULL, '2020-11-04 10:21:55', NULL, '2020-11-04 10:21:55');
INSERT INTO `org_user` VALUES (200, 5, '徐志摩', NULL, NULL, '2020-11-04 10:21:55', NULL, '2020-11-04 10:21:55');
INSERT INTO `org_user` VALUES (201, 6, '徐志摩', NULL, NULL, '2020-11-04 10:21:55', NULL, '2020-11-04 10:21:55');
INSERT INTO `org_user` VALUES (202, 7, '徐志摩', NULL, NULL, '2020-11-04 10:21:55', NULL, '2020-11-04 10:21:55');
INSERT INTO `org_user` VALUES (203, 8, '徐志摩', NULL, NULL, '2020-11-04 10:21:55', NULL, '2020-11-04 10:21:55');
INSERT INTO `org_user` VALUES (204, 9, '徐志摩', NULL, NULL, '2020-11-04 10:21:55', NULL, '2020-11-04 10:21:55');
INSERT INTO `org_user` VALUES (205, 10, '徐志摩', NULL, NULL, '2020-11-04 10:21:55', NULL, '2020-11-04 10:21:55');
INSERT INTO `org_user` VALUES (206, 11, '徐志摩', NULL, NULL, '2020-11-04 10:21:55', NULL, '2020-11-04 10:21:55');
INSERT INTO `org_user` VALUES (207, 12, '徐志摩', NULL, NULL, '2020-11-04 10:21:55', NULL, '2020-11-04 10:21:55');
INSERT INTO `org_user` VALUES (208, 13, '徐志摩', NULL, NULL, '2020-11-04 10:21:55', NULL, '2020-11-04 10:21:55');
INSERT INTO `org_user` VALUES (209, 14, '徐志摩', NULL, NULL, '2020-11-04 10:21:55', NULL, '2020-11-04 10:21:55');
INSERT INTO `org_user` VALUES (210, 15, '徐志摩', NULL, NULL, '2020-11-04 10:21:55', NULL, '2020-11-04 10:21:55');
INSERT INTO `org_user` VALUES (211, 16, '徐志摩', NULL, NULL, '2020-11-04 10:21:55', NULL, '2020-11-04 10:21:55');
INSERT INTO `org_user` VALUES (212, 17, '徐志摩', NULL, NULL, '2020-11-04 10:21:55', NULL, '2020-11-04 10:21:55');
INSERT INTO `org_user` VALUES (213, 18, '徐志摩', NULL, NULL, '2020-11-04 10:21:55', NULL, '2020-11-04 10:21:55');
INSERT INTO `org_user` VALUES (214, 0, '张曼玉', NULL, NULL, '2020-11-04 10:22:01', NULL, '2020-11-04 10:22:01');
INSERT INTO `org_user` VALUES (215, 1, '张曼玉', NULL, NULL, '2020-11-04 10:22:01', NULL, '2020-11-04 10:22:01');
INSERT INTO `org_user` VALUES (216, 2, '张曼玉', NULL, NULL, '2020-11-04 10:22:01', NULL, '2020-11-04 10:22:01');
INSERT INTO `org_user` VALUES (217, 3, '张曼玉', NULL, NULL, '2020-11-04 10:22:01', NULL, '2020-11-04 10:22:01');
INSERT INTO `org_user` VALUES (218, 4, '张曼玉', NULL, NULL, '2020-11-04 10:22:01', NULL, '2020-11-04 10:22:01');
INSERT INTO `org_user` VALUES (219, 5, '张曼玉', NULL, NULL, '2020-11-04 10:22:01', NULL, '2020-11-04 10:22:01');
INSERT INTO `org_user` VALUES (220, 6, '张曼玉', NULL, NULL, '2020-11-04 10:22:01', NULL, '2020-11-04 10:22:01');
INSERT INTO `org_user` VALUES (221, 7, '张曼玉', NULL, NULL, '2020-11-04 10:22:01', NULL, '2020-11-04 10:22:01');
INSERT INTO `org_user` VALUES (222, 8, '张曼玉', NULL, NULL, '2020-11-04 10:22:01', NULL, '2020-11-04 10:22:01');
INSERT INTO `org_user` VALUES (223, 9, '张曼玉', NULL, NULL, '2020-11-04 10:22:01', NULL, '2020-11-04 10:22:01');
INSERT INTO `org_user` VALUES (224, 10, '张曼玉', NULL, NULL, '2020-11-04 10:22:01', NULL, '2020-11-04 10:22:01');
INSERT INTO `org_user` VALUES (225, 11, '张曼玉', NULL, NULL, '2020-11-04 10:22:01', NULL, '2020-11-04 10:22:01');
INSERT INTO `org_user` VALUES (226, 12, '张曼玉', NULL, NULL, '2020-11-04 10:22:01', NULL, '2020-11-04 10:22:01');
INSERT INTO `org_user` VALUES (227, 13, '张曼玉', NULL, NULL, '2020-11-04 10:22:01', NULL, '2020-11-04 10:22:01');
INSERT INTO `org_user` VALUES (228, 14, '张曼玉', NULL, NULL, '2020-11-04 10:22:01', NULL, '2020-11-04 10:22:01');
INSERT INTO `org_user` VALUES (229, 15, '张曼玉', NULL, NULL, '2020-11-04 10:22:01', NULL, '2020-11-04 10:22:01');
INSERT INTO `org_user` VALUES (230, 16, '张曼玉', NULL, NULL, '2020-11-04 10:22:01', NULL, '2020-11-04 10:22:01');
INSERT INTO `org_user` VALUES (231, 17, '张曼玉', NULL, NULL, '2020-11-04 10:22:01', NULL, '2020-11-04 10:22:01');
INSERT INTO `org_user` VALUES (232, 18, '张曼玉', NULL, NULL, '2020-11-04 10:22:01', NULL, '2020-11-04 10:22:01');
INSERT INTO `org_user` VALUES (233, 1, '张一', NULL, NULL, '2020-11-04 10:23:49', NULL, '2020-11-04 10:23:49');
INSERT INTO `org_user` VALUES (234, 2, '张一', NULL, NULL, '2020-11-04 10:23:49', NULL, '2020-11-04 10:23:49');
INSERT INTO `org_user` VALUES (235, 3, '张一', NULL, NULL, '2020-11-04 10:23:49', NULL, '2020-11-04 10:23:49');
INSERT INTO `org_user` VALUES (236, 4, '张一', NULL, NULL, '2020-11-04 10:23:49', NULL, '2020-11-04 10:23:49');
INSERT INTO `org_user` VALUES (237, 5, '张一', NULL, NULL, '2020-11-04 10:23:49', NULL, '2020-11-04 10:23:49');
INSERT INTO `org_user` VALUES (238, 6, '张一', NULL, NULL, '2020-11-04 10:23:49', NULL, '2020-11-04 10:23:49');
INSERT INTO `org_user` VALUES (239, 7, '张一', NULL, NULL, '2020-11-04 10:23:49', NULL, '2020-11-04 10:23:49');
INSERT INTO `org_user` VALUES (240, 8, '张一', NULL, NULL, '2020-11-04 10:23:49', NULL, '2020-11-04 10:23:49');
INSERT INTO `org_user` VALUES (241, 9, '张一', NULL, NULL, '2020-11-04 10:23:49', NULL, '2020-11-04 10:23:49');
INSERT INTO `org_user` VALUES (242, 10, '张一', NULL, NULL, '2020-11-04 10:23:49', NULL, '2020-11-04 10:23:49');
INSERT INTO `org_user` VALUES (243, 11, '张一', NULL, NULL, '2020-11-04 10:23:49', NULL, '2020-11-04 10:23:49');
INSERT INTO `org_user` VALUES (244, 12, '张一', NULL, NULL, '2020-11-04 10:23:49', NULL, '2020-11-04 10:23:49');
INSERT INTO `org_user` VALUES (245, 13, '张一', NULL, NULL, '2020-11-04 10:23:49', NULL, '2020-11-04 10:23:49');
INSERT INTO `org_user` VALUES (246, 14, '张一', NULL, NULL, '2020-11-04 10:23:49', NULL, '2020-11-04 10:23:49');
INSERT INTO `org_user` VALUES (247, 15, '张一', NULL, NULL, '2020-11-04 10:23:49', NULL, '2020-11-04 10:23:49');
INSERT INTO `org_user` VALUES (248, 16, '张一', NULL, NULL, '2020-11-04 10:23:49', NULL, '2020-11-04 10:23:49');
INSERT INTO `org_user` VALUES (249, 17, '张一', NULL, NULL, '2020-11-04 10:23:49', NULL, '2020-11-04 10:23:49');
INSERT INTO `org_user` VALUES (250, 18, '张一', NULL, NULL, '2020-11-04 10:23:49', NULL, '2020-11-04 10:23:49');
INSERT INTO `org_user` VALUES (251, 19, '张一', NULL, NULL, '2020-11-04 10:23:49', NULL, '2020-11-04 10:23:49');
INSERT INTO `org_user` VALUES (252, 1, '张二', NULL, NULL, '2020-11-04 10:23:52', NULL, '2020-11-04 10:23:52');
INSERT INTO `org_user` VALUES (253, 2, '张二', NULL, NULL, '2020-11-04 10:23:52', NULL, '2020-11-04 10:23:52');
INSERT INTO `org_user` VALUES (254, 3, '张二', NULL, NULL, '2020-11-04 10:23:52', NULL, '2020-11-04 10:23:52');
INSERT INTO `org_user` VALUES (255, 4, '张二', NULL, NULL, '2020-11-04 10:23:52', NULL, '2020-11-04 10:23:52');
INSERT INTO `org_user` VALUES (256, 5, '张二', NULL, NULL, '2020-11-04 10:23:52', NULL, '2020-11-04 10:23:52');
INSERT INTO `org_user` VALUES (257, 6, '张二', NULL, NULL, '2020-11-04 10:23:52', NULL, '2020-11-04 10:23:52');
INSERT INTO `org_user` VALUES (258, 7, '张二', NULL, NULL, '2020-11-04 10:23:52', NULL, '2020-11-04 10:23:52');
INSERT INTO `org_user` VALUES (259, 8, '张二', NULL, NULL, '2020-11-04 10:23:52', NULL, '2020-11-04 10:23:52');
INSERT INTO `org_user` VALUES (260, 9, '张二', NULL, NULL, '2020-11-04 10:23:52', NULL, '2020-11-04 10:23:52');
INSERT INTO `org_user` VALUES (261, 10, '张二', NULL, NULL, '2020-11-04 10:23:52', NULL, '2020-11-04 10:23:52');
INSERT INTO `org_user` VALUES (262, 11, '张二', NULL, NULL, '2020-11-04 10:23:52', NULL, '2020-11-04 10:23:52');
INSERT INTO `org_user` VALUES (263, 12, '张二', NULL, NULL, '2020-11-04 10:23:52', NULL, '2020-11-04 10:23:52');
INSERT INTO `org_user` VALUES (264, 13, '张二', NULL, NULL, '2020-11-04 10:23:52', NULL, '2020-11-04 10:23:52');
INSERT INTO `org_user` VALUES (265, 14, '张二', NULL, NULL, '2020-11-04 10:23:52', NULL, '2020-11-04 10:23:52');
INSERT INTO `org_user` VALUES (266, 15, '张二', NULL, NULL, '2020-11-04 10:23:52', NULL, '2020-11-04 10:23:52');
INSERT INTO `org_user` VALUES (267, 16, '张二', NULL, NULL, '2020-11-04 10:23:52', NULL, '2020-11-04 10:23:52');
INSERT INTO `org_user` VALUES (268, 17, '张二', NULL, NULL, '2020-11-04 10:23:52', NULL, '2020-11-04 10:23:52');
INSERT INTO `org_user` VALUES (269, 18, '张二', NULL, NULL, '2020-11-04 10:23:52', NULL, '2020-11-04 10:23:52');
INSERT INTO `org_user` VALUES (270, 19, '张二', NULL, NULL, '2020-11-04 10:23:52', NULL, '2020-11-04 10:23:52');
INSERT INTO `org_user` VALUES (271, 1, '张三', NULL, NULL, '2020-11-04 10:23:57', NULL, '2020-11-04 10:23:57');
INSERT INTO `org_user` VALUES (272, 2, '张三', NULL, NULL, '2020-11-04 10:23:57', NULL, '2020-11-04 10:23:57');
INSERT INTO `org_user` VALUES (273, 3, '张三', NULL, NULL, '2020-11-04 10:23:57', NULL, '2020-11-04 10:23:57');
INSERT INTO `org_user` VALUES (274, 4, '张三', NULL, NULL, '2020-11-04 10:23:57', NULL, '2020-11-04 10:23:57');
INSERT INTO `org_user` VALUES (275, 5, '张三', NULL, NULL, '2020-11-04 10:23:57', NULL, '2020-11-04 10:23:57');
INSERT INTO `org_user` VALUES (276, 6, '张三', NULL, NULL, '2020-11-04 10:23:57', NULL, '2020-11-04 10:23:57');
INSERT INTO `org_user` VALUES (277, 7, '张三', NULL, NULL, '2020-11-04 10:23:57', NULL, '2020-11-04 10:23:57');
INSERT INTO `org_user` VALUES (278, 8, '张三', NULL, NULL, '2020-11-04 10:23:57', NULL, '2020-11-04 10:23:57');
INSERT INTO `org_user` VALUES (279, 9, '张三', NULL, NULL, '2020-11-04 10:23:57', NULL, '2020-11-04 10:23:57');
INSERT INTO `org_user` VALUES (280, 10, '张三', NULL, NULL, '2020-11-04 10:23:57', NULL, '2020-11-04 10:23:57');
INSERT INTO `org_user` VALUES (281, 11, '张三', NULL, NULL, '2020-11-04 10:23:57', NULL, '2020-11-04 10:23:57');
INSERT INTO `org_user` VALUES (282, 12, '张三', NULL, NULL, '2020-11-04 10:23:57', NULL, '2020-11-04 10:23:57');
INSERT INTO `org_user` VALUES (283, 13, '张三', NULL, NULL, '2020-11-04 10:23:57', NULL, '2020-11-04 10:23:57');
INSERT INTO `org_user` VALUES (284, 14, '张三', NULL, NULL, '2020-11-04 10:23:57', NULL, '2020-11-04 10:23:57');
INSERT INTO `org_user` VALUES (285, 15, '张三', NULL, NULL, '2020-11-04 10:23:57', NULL, '2020-11-04 10:23:57');
INSERT INTO `org_user` VALUES (286, 16, '张三', NULL, NULL, '2020-11-04 10:23:57', NULL, '2020-11-04 10:23:57');
INSERT INTO `org_user` VALUES (287, 17, '张三', NULL, NULL, '2020-11-04 10:23:57', NULL, '2020-11-04 10:23:57');
INSERT INTO `org_user` VALUES (288, 18, '张三', NULL, NULL, '2020-11-04 10:23:57', NULL, '2020-11-04 10:23:57');
INSERT INTO `org_user` VALUES (289, 19, '张三', NULL, NULL, '2020-11-04 10:23:57', NULL, '2020-11-04 10:23:57');
INSERT INTO `org_user` VALUES (290, 1, '李四', NULL, NULL, '2020-11-04 10:24:03', NULL, '2020-11-04 10:24:03');
INSERT INTO `org_user` VALUES (291, 2, '李四', NULL, NULL, '2020-11-04 10:24:03', NULL, '2020-11-04 10:24:03');
INSERT INTO `org_user` VALUES (292, 3, '李四', NULL, NULL, '2020-11-04 10:24:03', NULL, '2020-11-04 10:24:03');
INSERT INTO `org_user` VALUES (293, 4, '李四', NULL, NULL, '2020-11-04 10:24:03', NULL, '2020-11-04 10:24:03');
INSERT INTO `org_user` VALUES (294, 5, '李四', NULL, NULL, '2020-11-04 10:24:03', NULL, '2020-11-04 10:24:03');
INSERT INTO `org_user` VALUES (295, 6, '李四', NULL, NULL, '2020-11-04 10:24:03', NULL, '2020-11-04 10:24:03');
INSERT INTO `org_user` VALUES (296, 7, '李四', NULL, NULL, '2020-11-04 10:24:03', NULL, '2020-11-04 10:24:03');
INSERT INTO `org_user` VALUES (297, 8, '李四', NULL, NULL, '2020-11-04 10:24:03', NULL, '2020-11-04 10:24:03');
INSERT INTO `org_user` VALUES (298, 9, '李四', NULL, NULL, '2020-11-04 10:24:03', NULL, '2020-11-04 10:24:03');
INSERT INTO `org_user` VALUES (299, 10, '李四', NULL, NULL, '2020-11-04 10:24:03', NULL, '2020-11-04 10:24:03');
INSERT INTO `org_user` VALUES (300, 11, '李四', NULL, NULL, '2020-11-04 10:24:03', NULL, '2020-11-04 10:24:03');
INSERT INTO `org_user` VALUES (301, 12, '李四', NULL, NULL, '2020-11-04 10:24:03', NULL, '2020-11-04 10:24:03');
INSERT INTO `org_user` VALUES (302, 13, '李四', NULL, NULL, '2020-11-04 10:24:03', NULL, '2020-11-04 10:24:03');
INSERT INTO `org_user` VALUES (303, 14, '李四', NULL, NULL, '2020-11-04 10:24:03', NULL, '2020-11-04 10:24:03');
INSERT INTO `org_user` VALUES (304, 15, '李四', NULL, NULL, '2020-11-04 10:24:03', NULL, '2020-11-04 10:24:03');
INSERT INTO `org_user` VALUES (305, 16, '李四', NULL, NULL, '2020-11-04 10:24:03', NULL, '2020-11-04 10:24:03');
INSERT INTO `org_user` VALUES (306, 17, '李四', NULL, NULL, '2020-11-04 10:24:03', NULL, '2020-11-04 10:24:03');
INSERT INTO `org_user` VALUES (307, 18, '李四', NULL, NULL, '2020-11-04 10:24:03', NULL, '2020-11-04 10:24:03');
INSERT INTO `org_user` VALUES (308, 19, '李四', NULL, NULL, '2020-11-04 10:24:03', NULL, '2020-11-04 10:24:03');
INSERT INTO `org_user` VALUES (309, 1, '王五', NULL, NULL, '2020-11-04 10:24:09', NULL, '2020-11-04 10:24:09');
INSERT INTO `org_user` VALUES (310, 2, '王五', NULL, NULL, '2020-11-04 10:24:09', NULL, '2020-11-04 10:24:09');
INSERT INTO `org_user` VALUES (311, 3, '王五', NULL, NULL, '2020-11-04 10:24:09', NULL, '2020-11-04 10:24:09');
INSERT INTO `org_user` VALUES (312, 4, '王五', NULL, NULL, '2020-11-04 10:24:09', NULL, '2020-11-04 10:24:09');
INSERT INTO `org_user` VALUES (313, 5, '王五', NULL, NULL, '2020-11-04 10:24:09', NULL, '2020-11-04 10:24:09');
INSERT INTO `org_user` VALUES (314, 6, '王五', NULL, NULL, '2020-11-04 10:24:09', NULL, '2020-11-04 10:24:09');
INSERT INTO `org_user` VALUES (315, 7, '王五', NULL, NULL, '2020-11-04 10:24:09', NULL, '2020-11-04 10:24:09');
INSERT INTO `org_user` VALUES (316, 8, '王五', NULL, NULL, '2020-11-04 10:24:09', NULL, '2020-11-04 10:24:09');
INSERT INTO `org_user` VALUES (317, 9, '王五', NULL, NULL, '2020-11-04 10:24:09', NULL, '2020-11-04 10:24:09');
INSERT INTO `org_user` VALUES (318, 10, '王五', NULL, NULL, '2020-11-04 10:24:09', NULL, '2020-11-04 10:24:09');
INSERT INTO `org_user` VALUES (319, 11, '王五', NULL, NULL, '2020-11-04 10:24:09', NULL, '2020-11-04 10:24:09');
INSERT INTO `org_user` VALUES (320, 12, '王五', NULL, NULL, '2020-11-04 10:24:09', NULL, '2020-11-04 10:24:09');
INSERT INTO `org_user` VALUES (321, 13, '王五', NULL, NULL, '2020-11-04 10:24:09', NULL, '2020-11-04 10:24:09');
INSERT INTO `org_user` VALUES (322, 14, '王五', NULL, NULL, '2020-11-04 10:24:09', NULL, '2020-11-04 10:24:09');
INSERT INTO `org_user` VALUES (323, 15, '王五', NULL, NULL, '2020-11-04 10:24:09', NULL, '2020-11-04 10:24:09');
INSERT INTO `org_user` VALUES (324, 16, '王五', NULL, NULL, '2020-11-04 10:24:09', NULL, '2020-11-04 10:24:09');
INSERT INTO `org_user` VALUES (325, 17, '王五', NULL, NULL, '2020-11-04 10:24:09', NULL, '2020-11-04 10:24:09');
INSERT INTO `org_user` VALUES (326, 18, '王五', NULL, NULL, '2020-11-04 10:24:09', NULL, '2020-11-04 10:24:09');
INSERT INTO `org_user` VALUES (327, 19, '王五', NULL, NULL, '2020-11-04 10:24:09', NULL, '2020-11-04 10:24:09');
INSERT INTO `org_user` VALUES (328, 1, '周六', NULL, NULL, '2020-11-04 10:24:15', NULL, '2020-11-04 10:24:15');
INSERT INTO `org_user` VALUES (329, 2, '周六', NULL, NULL, '2020-11-04 10:24:15', NULL, '2020-11-04 10:24:15');
INSERT INTO `org_user` VALUES (330, 3, '周六', NULL, NULL, '2020-11-04 10:24:15', NULL, '2020-11-04 10:24:15');
INSERT INTO `org_user` VALUES (331, 4, '周六', NULL, NULL, '2020-11-04 10:24:15', NULL, '2020-11-04 10:24:15');
INSERT INTO `org_user` VALUES (332, 5, '周六', NULL, NULL, '2020-11-04 10:24:15', NULL, '2020-11-04 10:24:15');
INSERT INTO `org_user` VALUES (333, 6, '周六', NULL, NULL, '2020-11-04 10:24:15', NULL, '2020-11-04 10:24:15');
INSERT INTO `org_user` VALUES (334, 7, '周六', NULL, NULL, '2020-11-04 10:24:15', NULL, '2020-11-04 10:24:15');
INSERT INTO `org_user` VALUES (335, 8, '周六', NULL, NULL, '2020-11-04 10:24:15', NULL, '2020-11-04 10:24:15');
INSERT INTO `org_user` VALUES (336, 9, '周六', NULL, NULL, '2020-11-04 10:24:15', NULL, '2020-11-04 10:24:15');
INSERT INTO `org_user` VALUES (337, 10, '周六', NULL, NULL, '2020-11-04 10:24:15', NULL, '2020-11-04 10:24:15');
INSERT INTO `org_user` VALUES (338, 11, '周六', NULL, NULL, '2020-11-04 10:24:15', NULL, '2020-11-04 10:24:15');
INSERT INTO `org_user` VALUES (339, 12, '周六', NULL, NULL, '2020-11-04 10:24:15', NULL, '2020-11-04 10:24:15');
INSERT INTO `org_user` VALUES (340, 13, '周六', NULL, NULL, '2020-11-04 10:24:15', NULL, '2020-11-04 10:24:15');
INSERT INTO `org_user` VALUES (341, 14, '周六', NULL, NULL, '2020-11-04 10:24:15', NULL, '2020-11-04 10:24:15');
INSERT INTO `org_user` VALUES (342, 15, '周六', NULL, NULL, '2020-11-04 10:24:15', NULL, '2020-11-04 10:24:15');
INSERT INTO `org_user` VALUES (343, 16, '周六', NULL, NULL, '2020-11-04 10:24:15', NULL, '2020-11-04 10:24:15');
INSERT INTO `org_user` VALUES (344, 17, '周六', NULL, NULL, '2020-11-04 10:24:15', NULL, '2020-11-04 10:24:15');
INSERT INTO `org_user` VALUES (345, 18, '周六', NULL, NULL, '2020-11-04 10:24:15', NULL, '2020-11-04 10:24:15');
INSERT INTO `org_user` VALUES (346, 19, '周六', NULL, NULL, '2020-11-04 10:24:15', NULL, '2020-11-04 10:24:15');
INSERT INTO `org_user` VALUES (347, 1, '周日', NULL, NULL, '2020-11-04 10:24:20', NULL, '2020-11-04 10:24:20');
INSERT INTO `org_user` VALUES (348, 2, '周日', NULL, NULL, '2020-11-04 10:24:20', NULL, '2020-11-04 10:24:20');
INSERT INTO `org_user` VALUES (349, 3, '周日', NULL, NULL, '2020-11-04 10:24:20', NULL, '2020-11-04 10:24:20');
INSERT INTO `org_user` VALUES (350, 4, '周日', NULL, NULL, '2020-11-04 10:24:20', NULL, '2020-11-04 10:24:20');
INSERT INTO `org_user` VALUES (351, 5, '周日', NULL, NULL, '2020-11-04 10:24:20', NULL, '2020-11-04 10:24:20');
INSERT INTO `org_user` VALUES (352, 6, '周日', NULL, NULL, '2020-11-04 10:24:20', NULL, '2020-11-04 10:24:20');
INSERT INTO `org_user` VALUES (353, 7, '周日', NULL, NULL, '2020-11-04 10:24:20', NULL, '2020-11-04 10:24:20');
INSERT INTO `org_user` VALUES (354, 8, '周日', NULL, NULL, '2020-11-04 10:24:20', NULL, '2020-11-04 10:24:20');
INSERT INTO `org_user` VALUES (355, 9, '周日', NULL, NULL, '2020-11-04 10:24:20', NULL, '2020-11-04 10:24:20');
INSERT INTO `org_user` VALUES (356, 10, '周日', NULL, NULL, '2020-11-04 10:24:20', NULL, '2020-11-04 10:24:20');
INSERT INTO `org_user` VALUES (357, 11, '周日', NULL, NULL, '2020-11-04 10:24:20', NULL, '2020-11-04 10:24:20');
INSERT INTO `org_user` VALUES (358, 12, '周日', NULL, NULL, '2020-11-04 10:24:20', NULL, '2020-11-04 10:24:20');
INSERT INTO `org_user` VALUES (359, 13, '周日', NULL, NULL, '2020-11-04 10:24:20', NULL, '2020-11-04 10:24:20');
INSERT INTO `org_user` VALUES (360, 14, '周日', NULL, NULL, '2020-11-04 10:24:20', NULL, '2020-11-04 10:24:20');
INSERT INTO `org_user` VALUES (361, 15, '周日', NULL, NULL, '2020-11-04 10:24:20', NULL, '2020-11-04 10:24:20');
INSERT INTO `org_user` VALUES (362, 16, '周日', NULL, NULL, '2020-11-04 10:24:20', NULL, '2020-11-04 10:24:20');
INSERT INTO `org_user` VALUES (363, 17, '周日', NULL, NULL, '2020-11-04 10:24:20', NULL, '2020-11-04 10:24:20');
INSERT INTO `org_user` VALUES (364, 18, '周日', NULL, NULL, '2020-11-04 10:24:20', NULL, '2020-11-04 10:24:20');
INSERT INTO `org_user` VALUES (365, 19, '周日', NULL, NULL, '2020-11-04 10:24:20', NULL, '2020-11-04 10:24:20');
INSERT INTO `org_user` VALUES (366, 1, '周鸿祎', NULL, NULL, '2020-11-04 10:24:27', NULL, '2020-11-04 10:24:27');
INSERT INTO `org_user` VALUES (367, 2, '周鸿祎', NULL, NULL, '2020-11-04 10:24:27', NULL, '2020-11-04 10:24:27');
INSERT INTO `org_user` VALUES (368, 3, '周鸿祎', NULL, NULL, '2020-11-04 10:24:27', NULL, '2020-11-04 10:24:27');
INSERT INTO `org_user` VALUES (369, 4, '周鸿祎', NULL, NULL, '2020-11-04 10:24:27', NULL, '2020-11-04 10:24:27');
INSERT INTO `org_user` VALUES (370, 5, '周鸿祎', NULL, NULL, '2020-11-04 10:24:27', NULL, '2020-11-04 10:24:27');
INSERT INTO `org_user` VALUES (371, 6, '周鸿祎', NULL, NULL, '2020-11-04 10:24:27', NULL, '2020-11-04 10:24:27');
INSERT INTO `org_user` VALUES (372, 7, '周鸿祎', NULL, NULL, '2020-11-04 10:24:27', NULL, '2020-11-04 10:24:27');
INSERT INTO `org_user` VALUES (373, 8, '周鸿祎', NULL, NULL, '2020-11-04 10:24:27', NULL, '2020-11-04 10:24:27');
INSERT INTO `org_user` VALUES (374, 9, '周鸿祎', NULL, NULL, '2020-11-04 10:24:27', NULL, '2020-11-04 10:24:27');
INSERT INTO `org_user` VALUES (375, 10, '周鸿祎', NULL, NULL, '2020-11-04 10:24:27', NULL, '2020-11-04 10:24:27');
INSERT INTO `org_user` VALUES (376, 11, '周鸿祎', NULL, NULL, '2020-11-04 10:24:27', NULL, '2020-11-04 10:24:27');
INSERT INTO `org_user` VALUES (377, 12, '周鸿祎', NULL, NULL, '2020-11-04 10:24:27', NULL, '2020-11-04 10:24:27');
INSERT INTO `org_user` VALUES (378, 13, '周鸿祎', NULL, NULL, '2020-11-04 10:24:27', NULL, '2020-11-04 10:24:27');
INSERT INTO `org_user` VALUES (379, 14, '周鸿祎', NULL, NULL, '2020-11-04 10:24:27', NULL, '2020-11-04 10:24:27');
INSERT INTO `org_user` VALUES (380, 15, '周鸿祎', NULL, NULL, '2020-11-04 10:24:27', NULL, '2020-11-04 10:24:27');
INSERT INTO `org_user` VALUES (381, 16, '周鸿祎', NULL, NULL, '2020-11-04 10:24:27', NULL, '2020-11-04 10:24:27');
INSERT INTO `org_user` VALUES (382, 17, '周鸿祎', NULL, NULL, '2020-11-04 10:24:27', NULL, '2020-11-04 10:24:27');
INSERT INTO `org_user` VALUES (383, 18, '周鸿祎', NULL, NULL, '2020-11-04 10:24:27', NULL, '2020-11-04 10:24:27');
INSERT INTO `org_user` VALUES (384, 19, '周鸿祎', NULL, NULL, '2020-11-04 10:24:27', NULL, '2020-11-04 10:24:27');
INSERT INTO `org_user` VALUES (385, 1, '李达', NULL, NULL, '2020-11-04 10:24:32', NULL, '2020-11-04 10:24:32');
INSERT INTO `org_user` VALUES (386, 2, '李达', NULL, NULL, '2020-11-04 10:24:32', NULL, '2020-11-04 10:24:32');
INSERT INTO `org_user` VALUES (387, 3, '李达', NULL, NULL, '2020-11-04 10:24:32', NULL, '2020-11-04 10:24:32');
INSERT INTO `org_user` VALUES (388, 4, '李达', NULL, NULL, '2020-11-04 10:24:32', NULL, '2020-11-04 10:24:32');
INSERT INTO `org_user` VALUES (389, 5, '李达', NULL, NULL, '2020-11-04 10:24:32', NULL, '2020-11-04 10:24:32');
INSERT INTO `org_user` VALUES (390, 6, '李达', NULL, NULL, '2020-11-04 10:24:32', NULL, '2020-11-04 10:24:32');
INSERT INTO `org_user` VALUES (391, 7, '李达', NULL, NULL, '2020-11-04 10:24:32', NULL, '2020-11-04 10:24:32');
INSERT INTO `org_user` VALUES (392, 8, '李达', NULL, NULL, '2020-11-04 10:24:32', NULL, '2020-11-04 10:24:32');
INSERT INTO `org_user` VALUES (393, 9, '李达', NULL, NULL, '2020-11-04 10:24:32', NULL, '2020-11-04 10:24:32');
INSERT INTO `org_user` VALUES (394, 10, '李达', NULL, NULL, '2020-11-04 10:24:32', NULL, '2020-11-04 10:24:32');
INSERT INTO `org_user` VALUES (395, 11, '李达', NULL, NULL, '2020-11-04 10:24:32', NULL, '2020-11-04 10:24:32');
INSERT INTO `org_user` VALUES (396, 12, '李达', NULL, NULL, '2020-11-04 10:24:32', NULL, '2020-11-04 10:24:32');
INSERT INTO `org_user` VALUES (397, 13, '李达', NULL, NULL, '2020-11-04 10:24:32', NULL, '2020-11-04 10:24:32');
INSERT INTO `org_user` VALUES (398, 14, '李达', NULL, NULL, '2020-11-04 10:24:32', NULL, '2020-11-04 10:24:32');
INSERT INTO `org_user` VALUES (399, 15, '李达', NULL, NULL, '2020-11-04 10:24:32', NULL, '2020-11-04 10:24:32');
INSERT INTO `org_user` VALUES (400, 16, '李达', NULL, NULL, '2020-11-04 10:24:32', NULL, '2020-11-04 10:24:32');
INSERT INTO `org_user` VALUES (401, 17, '李达', NULL, NULL, '2020-11-04 10:24:32', NULL, '2020-11-04 10:24:32');
INSERT INTO `org_user` VALUES (402, 18, '李达', NULL, NULL, '2020-11-04 10:24:32', NULL, '2020-11-04 10:24:32');
INSERT INTO `org_user` VALUES (403, 19, '李达', NULL, NULL, '2020-11-04 10:24:32', NULL, '2020-11-04 10:24:32');
INSERT INTO `org_user` VALUES (404, 1, '林黛玉', NULL, NULL, '2020-11-04 10:24:38', NULL, '2020-11-04 10:24:38');
INSERT INTO `org_user` VALUES (405, 2, '林黛玉', NULL, NULL, '2020-11-04 10:24:38', NULL, '2020-11-04 10:24:38');
INSERT INTO `org_user` VALUES (406, 3, '林黛玉', NULL, NULL, '2020-11-04 10:24:38', NULL, '2020-11-04 10:24:38');
INSERT INTO `org_user` VALUES (407, 4, '林黛玉', NULL, NULL, '2020-11-04 10:24:38', NULL, '2020-11-04 10:24:38');
INSERT INTO `org_user` VALUES (408, 5, '林黛玉', NULL, NULL, '2020-11-04 10:24:38', NULL, '2020-11-04 10:24:38');
INSERT INTO `org_user` VALUES (409, 6, '林黛玉', NULL, NULL, '2020-11-04 10:24:38', NULL, '2020-11-04 10:24:38');
INSERT INTO `org_user` VALUES (410, 7, '林黛玉', NULL, NULL, '2020-11-04 10:24:38', NULL, '2020-11-04 10:24:38');
INSERT INTO `org_user` VALUES (411, 8, '林黛玉', NULL, NULL, '2020-11-04 10:24:38', NULL, '2020-11-04 10:24:38');
INSERT INTO `org_user` VALUES (412, 9, '林黛玉', NULL, NULL, '2020-11-04 10:24:38', NULL, '2020-11-04 10:24:38');
INSERT INTO `org_user` VALUES (413, 10, '林黛玉', NULL, NULL, '2020-11-04 10:24:38', NULL, '2020-11-04 10:24:38');
INSERT INTO `org_user` VALUES (414, 11, '林黛玉', NULL, NULL, '2020-11-04 10:24:38', NULL, '2020-11-04 10:24:38');
INSERT INTO `org_user` VALUES (415, 12, '林黛玉', NULL, NULL, '2020-11-04 10:24:38', NULL, '2020-11-04 10:24:38');
INSERT INTO `org_user` VALUES (416, 13, '林黛玉', NULL, NULL, '2020-11-04 10:24:38', NULL, '2020-11-04 10:24:38');
INSERT INTO `org_user` VALUES (417, 14, '林黛玉', NULL, NULL, '2020-11-04 10:24:38', NULL, '2020-11-04 10:24:38');
INSERT INTO `org_user` VALUES (418, 15, '林黛玉', NULL, NULL, '2020-11-04 10:24:38', NULL, '2020-11-04 10:24:38');
INSERT INTO `org_user` VALUES (419, 16, '林黛玉', NULL, NULL, '2020-11-04 10:24:38', NULL, '2020-11-04 10:24:38');
INSERT INTO `org_user` VALUES (420, 17, '林黛玉', NULL, NULL, '2020-11-04 10:24:38', NULL, '2020-11-04 10:24:38');
INSERT INTO `org_user` VALUES (421, 18, '林黛玉', NULL, NULL, '2020-11-04 10:24:38', NULL, '2020-11-04 10:24:38');
INSERT INTO `org_user` VALUES (422, 19, '林黛玉', NULL, NULL, '2020-11-04 10:24:38', NULL, '2020-11-04 10:24:38');
INSERT INTO `org_user` VALUES (423, 1, '贾宝玉', NULL, NULL, '2020-11-04 10:24:43', NULL, '2020-11-04 10:24:43');
INSERT INTO `org_user` VALUES (424, 2, '贾宝玉', NULL, NULL, '2020-11-04 10:24:43', NULL, '2020-11-04 10:24:43');
INSERT INTO `org_user` VALUES (425, 3, '贾宝玉', NULL, NULL, '2020-11-04 10:24:43', NULL, '2020-11-04 10:24:43');
INSERT INTO `org_user` VALUES (426, 4, '贾宝玉', NULL, NULL, '2020-11-04 10:24:43', NULL, '2020-11-04 10:24:43');
INSERT INTO `org_user` VALUES (427, 5, '贾宝玉', NULL, NULL, '2020-11-04 10:24:43', NULL, '2020-11-04 10:24:43');
INSERT INTO `org_user` VALUES (428, 6, '贾宝玉', NULL, NULL, '2020-11-04 10:24:43', NULL, '2020-11-04 10:24:43');
INSERT INTO `org_user` VALUES (429, 7, '贾宝玉', NULL, NULL, '2020-11-04 10:24:43', NULL, '2020-11-04 10:24:43');
INSERT INTO `org_user` VALUES (430, 8, '贾宝玉', NULL, NULL, '2020-11-04 10:24:43', NULL, '2020-11-04 10:24:43');
INSERT INTO `org_user` VALUES (431, 9, '贾宝玉', NULL, NULL, '2020-11-04 10:24:43', NULL, '2020-11-04 10:24:43');
INSERT INTO `org_user` VALUES (432, 10, '贾宝玉', NULL, NULL, '2020-11-04 10:24:43', NULL, '2020-11-04 10:24:43');
INSERT INTO `org_user` VALUES (433, 11, '贾宝玉', NULL, NULL, '2020-11-04 10:24:43', NULL, '2020-11-04 10:24:43');
INSERT INTO `org_user` VALUES (434, 12, '贾宝玉', NULL, NULL, '2020-11-04 10:24:43', NULL, '2020-11-04 10:24:43');
INSERT INTO `org_user` VALUES (435, 13, '贾宝玉', NULL, NULL, '2020-11-04 10:24:43', NULL, '2020-11-04 10:24:43');
INSERT INTO `org_user` VALUES (436, 14, '贾宝玉', NULL, NULL, '2020-11-04 10:24:43', NULL, '2020-11-04 10:24:43');
INSERT INTO `org_user` VALUES (437, 15, '贾宝玉', NULL, NULL, '2020-11-04 10:24:43', NULL, '2020-11-04 10:24:43');
INSERT INTO `org_user` VALUES (438, 16, '贾宝玉', NULL, NULL, '2020-11-04 10:24:43', NULL, '2020-11-04 10:24:43');
INSERT INTO `org_user` VALUES (439, 17, '贾宝玉', NULL, NULL, '2020-11-04 10:24:43', NULL, '2020-11-04 10:24:43');
INSERT INTO `org_user` VALUES (440, 18, '贾宝玉', NULL, NULL, '2020-11-04 10:24:43', NULL, '2020-11-04 10:24:43');
INSERT INTO `org_user` VALUES (441, 19, '贾宝玉', NULL, NULL, '2020-11-04 10:24:43', NULL, '2020-11-04 10:24:43');
INSERT INTO `org_user` VALUES (442, 1, '张辉', NULL, NULL, '2020-11-04 10:24:50', NULL, '2020-11-04 10:24:50');
INSERT INTO `org_user` VALUES (443, 2, '张辉', NULL, NULL, '2020-11-04 10:24:50', NULL, '2020-11-04 10:24:50');
INSERT INTO `org_user` VALUES (444, 3, '张辉', NULL, NULL, '2020-11-04 10:24:50', NULL, '2020-11-04 10:24:50');
INSERT INTO `org_user` VALUES (445, 4, '张辉', NULL, NULL, '2020-11-04 10:24:50', NULL, '2020-11-04 10:24:50');
INSERT INTO `org_user` VALUES (446, 5, '张辉', NULL, NULL, '2020-11-04 10:24:50', NULL, '2020-11-04 10:24:50');
INSERT INTO `org_user` VALUES (447, 6, '张辉', NULL, NULL, '2020-11-04 10:24:50', NULL, '2020-11-04 10:24:50');
INSERT INTO `org_user` VALUES (448, 7, '张辉', NULL, NULL, '2020-11-04 10:24:50', NULL, '2020-11-04 10:24:50');
INSERT INTO `org_user` VALUES (449, 8, '张辉', NULL, NULL, '2020-11-04 10:24:50', NULL, '2020-11-04 10:24:50');
INSERT INTO `org_user` VALUES (450, 9, '张辉', NULL, NULL, '2020-11-04 10:24:50', NULL, '2020-11-04 10:24:50');
INSERT INTO `org_user` VALUES (451, 10, '张辉', NULL, NULL, '2020-11-04 10:24:50', NULL, '2020-11-04 10:24:50');
INSERT INTO `org_user` VALUES (452, 11, '张辉', NULL, NULL, '2020-11-04 10:24:50', NULL, '2020-11-04 10:24:50');
INSERT INTO `org_user` VALUES (453, 12, '张辉', NULL, NULL, '2020-11-04 10:24:50', NULL, '2020-11-04 10:24:50');
INSERT INTO `org_user` VALUES (454, 13, '张辉', NULL, NULL, '2020-11-04 10:24:50', NULL, '2020-11-04 10:24:50');
INSERT INTO `org_user` VALUES (455, 14, '张辉', NULL, NULL, '2020-11-04 10:24:50', NULL, '2020-11-04 10:24:50');
INSERT INTO `org_user` VALUES (456, 15, '张辉', NULL, NULL, '2020-11-04 10:24:50', NULL, '2020-11-04 10:24:50');
INSERT INTO `org_user` VALUES (457, 16, '张辉', NULL, NULL, '2020-11-04 10:24:50', NULL, '2020-11-04 10:24:50');
INSERT INTO `org_user` VALUES (458, 17, '张辉', NULL, NULL, '2020-11-04 10:24:50', NULL, '2020-11-04 10:24:50');
INSERT INTO `org_user` VALUES (459, 18, '张辉', NULL, NULL, '2020-11-04 10:24:50', NULL, '2020-11-04 10:24:50');
INSERT INTO `org_user` VALUES (460, 19, '张辉', NULL, NULL, '2020-11-04 10:24:50', NULL, '2020-11-04 10:24:50');
INSERT INTO `org_user` VALUES (461, 1, '张家辉', NULL, NULL, '2020-11-04 10:24:56', NULL, '2020-11-04 10:24:56');
INSERT INTO `org_user` VALUES (462, 2, '张家辉', NULL, NULL, '2020-11-04 10:24:56', NULL, '2020-11-04 10:24:56');
INSERT INTO `org_user` VALUES (463, 3, '张家辉', NULL, NULL, '2020-11-04 10:24:56', NULL, '2020-11-04 10:24:56');
INSERT INTO `org_user` VALUES (464, 4, '张家辉', NULL, NULL, '2020-11-04 10:24:56', NULL, '2020-11-04 10:24:56');
INSERT INTO `org_user` VALUES (465, 5, '张家辉', NULL, NULL, '2020-11-04 10:24:56', NULL, '2020-11-04 10:24:56');
INSERT INTO `org_user` VALUES (466, 6, '张家辉', NULL, NULL, '2020-11-04 10:24:56', NULL, '2020-11-04 10:24:56');
INSERT INTO `org_user` VALUES (467, 7, '张家辉', NULL, NULL, '2020-11-04 10:24:56', NULL, '2020-11-04 10:24:56');
INSERT INTO `org_user` VALUES (468, 8, '张家辉', NULL, NULL, '2020-11-04 10:24:56', NULL, '2020-11-04 10:24:56');
INSERT INTO `org_user` VALUES (469, 9, '张家辉', NULL, NULL, '2020-11-04 10:24:56', NULL, '2020-11-04 10:24:56');
INSERT INTO `org_user` VALUES (470, 10, '张家辉', NULL, NULL, '2020-11-04 10:24:56', NULL, '2020-11-04 10:24:56');
INSERT INTO `org_user` VALUES (471, 11, '张家辉', NULL, NULL, '2020-11-04 10:24:56', NULL, '2020-11-04 10:24:56');
INSERT INTO `org_user` VALUES (472, 12, '张家辉', NULL, NULL, '2020-11-04 10:24:56', NULL, '2020-11-04 10:24:56');
INSERT INTO `org_user` VALUES (473, 13, '张家辉', NULL, NULL, '2020-11-04 10:24:56', NULL, '2020-11-04 10:24:56');
INSERT INTO `org_user` VALUES (474, 14, '张家辉', NULL, NULL, '2020-11-04 10:24:56', NULL, '2020-11-04 10:24:56');
INSERT INTO `org_user` VALUES (475, 15, '张家辉', NULL, NULL, '2020-11-04 10:24:56', NULL, '2020-11-04 10:24:56');
INSERT INTO `org_user` VALUES (476, 16, '张家辉', NULL, NULL, '2020-11-04 10:24:56', NULL, '2020-11-04 10:24:56');
INSERT INTO `org_user` VALUES (477, 17, '张家辉', NULL, NULL, '2020-11-04 10:24:56', NULL, '2020-11-04 10:24:56');
INSERT INTO `org_user` VALUES (478, 18, '张家辉', NULL, NULL, '2020-11-04 10:24:56', NULL, '2020-11-04 10:24:56');
INSERT INTO `org_user` VALUES (479, 19, '张家辉', NULL, NULL, '2020-11-04 10:24:56', NULL, '2020-11-04 10:24:56');
INSERT INTO `org_user` VALUES (480, 1, '刘佳慧', NULL, NULL, '2020-11-04 10:25:03', NULL, '2020-11-04 10:25:03');
INSERT INTO `org_user` VALUES (481, 2, '刘佳慧', NULL, NULL, '2020-11-04 10:25:03', NULL, '2020-11-04 10:25:03');
INSERT INTO `org_user` VALUES (482, 3, '刘佳慧', NULL, NULL, '2020-11-04 10:25:03', NULL, '2020-11-04 10:25:03');
INSERT INTO `org_user` VALUES (483, 4, '刘佳慧', NULL, NULL, '2020-11-04 10:25:03', NULL, '2020-11-04 10:25:03');
INSERT INTO `org_user` VALUES (484, 5, '刘佳慧', NULL, NULL, '2020-11-04 10:25:03', NULL, '2020-11-04 10:25:03');
INSERT INTO `org_user` VALUES (485, 6, '刘佳慧', NULL, NULL, '2020-11-04 10:25:03', NULL, '2020-11-04 10:25:03');
INSERT INTO `org_user` VALUES (486, 7, '刘佳慧', NULL, NULL, '2020-11-04 10:25:03', NULL, '2020-11-04 10:25:03');
INSERT INTO `org_user` VALUES (487, 8, '刘佳慧', NULL, NULL, '2020-11-04 10:25:03', NULL, '2020-11-04 10:25:03');
INSERT INTO `org_user` VALUES (488, 9, '刘佳慧', NULL, NULL, '2020-11-04 10:25:03', NULL, '2020-11-04 10:25:03');
INSERT INTO `org_user` VALUES (489, 10, '刘佳慧', NULL, NULL, '2020-11-04 10:25:03', NULL, '2020-11-04 10:25:03');
INSERT INTO `org_user` VALUES (490, 11, '刘佳慧', NULL, NULL, '2020-11-04 10:25:03', NULL, '2020-11-04 10:25:03');
INSERT INTO `org_user` VALUES (491, 12, '刘佳慧', NULL, NULL, '2020-11-04 10:25:03', NULL, '2020-11-04 10:25:03');
INSERT INTO `org_user` VALUES (492, 13, '刘佳慧', NULL, NULL, '2020-11-04 10:25:03', NULL, '2020-11-04 10:25:03');
INSERT INTO `org_user` VALUES (493, 14, '刘佳慧', NULL, NULL, '2020-11-04 10:25:03', NULL, '2020-11-04 10:25:03');
INSERT INTO `org_user` VALUES (494, 15, '刘佳慧', NULL, NULL, '2020-11-04 10:25:03', NULL, '2020-11-04 10:25:03');
INSERT INTO `org_user` VALUES (495, 16, '刘佳慧', NULL, NULL, '2020-11-04 10:25:03', NULL, '2020-11-04 10:25:03');
INSERT INTO `org_user` VALUES (496, 17, '刘佳慧', NULL, NULL, '2020-11-04 10:25:03', NULL, '2020-11-04 10:25:03');
INSERT INTO `org_user` VALUES (497, 18, '刘佳慧', NULL, NULL, '2020-11-04 10:25:03', NULL, '2020-11-04 10:25:03');
INSERT INTO `org_user` VALUES (498, 19, '刘佳慧', NULL, NULL, '2020-11-04 10:25:03', NULL, '2020-11-04 10:25:03');
INSERT INTO `org_user` VALUES (499, 1, '赵玉田', NULL, NULL, '2020-11-04 10:25:10', NULL, '2020-11-04 10:25:10');
INSERT INTO `org_user` VALUES (500, 2, '赵玉田', NULL, NULL, '2020-11-04 10:25:10', NULL, '2020-11-04 10:25:10');
INSERT INTO `org_user` VALUES (501, 3, '赵玉田', NULL, NULL, '2020-11-04 10:25:10', NULL, '2020-11-04 10:25:10');
INSERT INTO `org_user` VALUES (502, 4, '赵玉田', NULL, NULL, '2020-11-04 10:25:10', NULL, '2020-11-04 10:25:10');
INSERT INTO `org_user` VALUES (503, 5, '赵玉田', NULL, NULL, '2020-11-04 10:25:10', NULL, '2020-11-04 10:25:10');
INSERT INTO `org_user` VALUES (504, 6, '赵玉田', NULL, NULL, '2020-11-04 10:25:10', NULL, '2020-11-04 10:25:10');
INSERT INTO `org_user` VALUES (505, 7, '赵玉田', NULL, NULL, '2020-11-04 10:25:10', NULL, '2020-11-04 10:25:10');
INSERT INTO `org_user` VALUES (506, 8, '赵玉田', NULL, NULL, '2020-11-04 10:25:10', NULL, '2020-11-04 10:25:10');
INSERT INTO `org_user` VALUES (507, 9, '赵玉田', NULL, NULL, '2020-11-04 10:25:10', NULL, '2020-11-04 10:25:10');
INSERT INTO `org_user` VALUES (508, 10, '赵玉田', NULL, NULL, '2020-11-04 10:25:10', NULL, '2020-11-04 10:25:10');
INSERT INTO `org_user` VALUES (509, 11, '赵玉田', NULL, NULL, '2020-11-04 10:25:10', NULL, '2020-11-04 10:25:10');
INSERT INTO `org_user` VALUES (510, 12, '赵玉田', NULL, NULL, '2020-11-04 10:25:10', NULL, '2020-11-04 10:25:10');
INSERT INTO `org_user` VALUES (511, 13, '赵玉田', NULL, NULL, '2020-11-04 10:25:10', NULL, '2020-11-04 10:25:10');
INSERT INTO `org_user` VALUES (512, 14, '赵玉田', NULL, NULL, '2020-11-04 10:25:10', NULL, '2020-11-04 10:25:10');
INSERT INTO `org_user` VALUES (513, 15, '赵玉田', NULL, NULL, '2020-11-04 10:25:10', NULL, '2020-11-04 10:25:10');
INSERT INTO `org_user` VALUES (514, 16, '赵玉田', NULL, NULL, '2020-11-04 10:25:10', NULL, '2020-11-04 10:25:10');
INSERT INTO `org_user` VALUES (515, 17, '赵玉田', NULL, NULL, '2020-11-04 10:25:10', NULL, '2020-11-04 10:25:10');
INSERT INTO `org_user` VALUES (516, 18, '赵玉田', NULL, NULL, '2020-11-04 10:25:10', NULL, '2020-11-04 10:25:10');
INSERT INTO `org_user` VALUES (517, 19, '赵玉田', NULL, NULL, '2020-11-04 10:25:10', NULL, '2020-11-04 10:25:10');
INSERT INTO `org_user` VALUES (518, 1, '卓依婷', NULL, NULL, '2020-11-04 10:25:19', NULL, '2020-11-04 10:25:19');
INSERT INTO `org_user` VALUES (519, 2, '卓依婷', NULL, NULL, '2020-11-04 10:25:19', NULL, '2020-11-04 10:25:19');
INSERT INTO `org_user` VALUES (520, 3, '卓依婷', NULL, NULL, '2020-11-04 10:25:19', NULL, '2020-11-04 10:25:19');
INSERT INTO `org_user` VALUES (521, 4, '卓依婷', NULL, NULL, '2020-11-04 10:25:19', NULL, '2020-11-04 10:25:19');
INSERT INTO `org_user` VALUES (522, 5, '卓依婷', NULL, NULL, '2020-11-04 10:25:19', NULL, '2020-11-04 10:25:19');
INSERT INTO `org_user` VALUES (523, 6, '卓依婷', NULL, NULL, '2020-11-04 10:25:19', NULL, '2020-11-04 10:25:19');
INSERT INTO `org_user` VALUES (524, 7, '卓依婷', NULL, NULL, '2020-11-04 10:25:19', NULL, '2020-11-04 10:25:19');
INSERT INTO `org_user` VALUES (525, 8, '卓依婷', NULL, NULL, '2020-11-04 10:25:19', NULL, '2020-11-04 10:25:19');
INSERT INTO `org_user` VALUES (526, 9, '卓依婷', NULL, NULL, '2020-11-04 10:25:19', NULL, '2020-11-04 10:25:19');
INSERT INTO `org_user` VALUES (527, 10, '卓依婷', NULL, NULL, '2020-11-04 10:25:19', NULL, '2020-11-04 10:25:19');
INSERT INTO `org_user` VALUES (528, 11, '卓依婷', NULL, NULL, '2020-11-04 10:25:19', NULL, '2020-11-04 10:25:19');
INSERT INTO `org_user` VALUES (529, 12, '卓依婷', NULL, NULL, '2020-11-04 10:25:19', NULL, '2020-11-04 10:25:19');
INSERT INTO `org_user` VALUES (530, 13, '卓依婷', NULL, NULL, '2020-11-04 10:25:19', NULL, '2020-11-04 10:25:19');
INSERT INTO `org_user` VALUES (531, 14, '卓依婷', NULL, NULL, '2020-11-04 10:25:19', NULL, '2020-11-04 10:25:19');
INSERT INTO `org_user` VALUES (532, 15, '卓依婷', NULL, NULL, '2020-11-04 10:25:19', NULL, '2020-11-04 10:25:19');
INSERT INTO `org_user` VALUES (533, 16, '卓依婷', NULL, NULL, '2020-11-04 10:25:19', NULL, '2020-11-04 10:25:19');
INSERT INTO `org_user` VALUES (534, 17, '卓依婷', NULL, NULL, '2020-11-04 10:25:19', NULL, '2020-11-04 10:25:19');
INSERT INTO `org_user` VALUES (535, 18, '卓依婷', NULL, NULL, '2020-11-04 10:25:19', NULL, '2020-11-04 10:25:19');
INSERT INTO `org_user` VALUES (536, 19, '卓依婷', NULL, NULL, '2020-11-04 10:25:19', NULL, '2020-11-04 10:25:19');
INSERT INTO `org_user` VALUES (537, 1, '张玉婷', NULL, NULL, '2020-11-04 10:25:27', NULL, '2020-11-04 10:25:27');
INSERT INTO `org_user` VALUES (538, 2, '张玉婷', NULL, NULL, '2020-11-04 10:25:27', NULL, '2020-11-04 10:25:27');
INSERT INTO `org_user` VALUES (539, 3, '张玉婷', NULL, NULL, '2020-11-04 10:25:27', NULL, '2020-11-04 10:25:27');
INSERT INTO `org_user` VALUES (540, 4, '张玉婷', NULL, NULL, '2020-11-04 10:25:27', NULL, '2020-11-04 10:25:27');
INSERT INTO `org_user` VALUES (541, 5, '张玉婷', NULL, NULL, '2020-11-04 10:25:27', NULL, '2020-11-04 10:25:27');
INSERT INTO `org_user` VALUES (542, 6, '张玉婷', NULL, NULL, '2020-11-04 10:25:27', NULL, '2020-11-04 10:25:27');
INSERT INTO `org_user` VALUES (543, 7, '张玉婷', NULL, NULL, '2020-11-04 10:25:27', NULL, '2020-11-04 10:25:27');
INSERT INTO `org_user` VALUES (544, 8, '张玉婷', NULL, NULL, '2020-11-04 10:25:27', NULL, '2020-11-04 10:25:27');
INSERT INTO `org_user` VALUES (545, 9, '张玉婷', NULL, NULL, '2020-11-04 10:25:27', NULL, '2020-11-04 10:25:27');
INSERT INTO `org_user` VALUES (546, 10, '张玉婷', NULL, NULL, '2020-11-04 10:25:27', NULL, '2020-11-04 10:25:27');
INSERT INTO `org_user` VALUES (547, 11, '张玉婷', NULL, NULL, '2020-11-04 10:25:27', NULL, '2020-11-04 10:25:27');
INSERT INTO `org_user` VALUES (548, 12, '张玉婷', NULL, NULL, '2020-11-04 10:25:27', NULL, '2020-11-04 10:25:27');
INSERT INTO `org_user` VALUES (549, 13, '张玉婷', NULL, NULL, '2020-11-04 10:25:27', NULL, '2020-11-04 10:25:27');
INSERT INTO `org_user` VALUES (550, 14, '张玉婷', NULL, NULL, '2020-11-04 10:25:27', NULL, '2020-11-04 10:25:27');
INSERT INTO `org_user` VALUES (551, 15, '张玉婷', NULL, NULL, '2020-11-04 10:25:27', NULL, '2020-11-04 10:25:27');
INSERT INTO `org_user` VALUES (552, 16, '张玉婷', NULL, NULL, '2020-11-04 10:25:27', NULL, '2020-11-04 10:25:27');
INSERT INTO `org_user` VALUES (553, 17, '张玉婷', NULL, NULL, '2020-11-04 10:25:27', NULL, '2020-11-04 10:25:27');
INSERT INTO `org_user` VALUES (554, 18, '张玉婷', NULL, NULL, '2020-11-04 10:25:27', NULL, '2020-11-04 10:25:27');
INSERT INTO `org_user` VALUES (555, 19, '张玉婷', NULL, NULL, '2020-11-04 10:25:27', NULL, '2020-11-04 10:25:27');
INSERT INTO `org_user` VALUES (556, 1, '张雨绮', NULL, NULL, '2020-11-04 10:25:48', NULL, '2020-11-04 10:25:48');
INSERT INTO `org_user` VALUES (557, 2, '张雨绮', NULL, NULL, '2020-11-04 10:25:48', NULL, '2020-11-04 10:25:48');
INSERT INTO `org_user` VALUES (558, 3, '张雨绮', NULL, NULL, '2020-11-04 10:25:48', NULL, '2020-11-04 10:25:48');
INSERT INTO `org_user` VALUES (559, 4, '张雨绮', NULL, NULL, '2020-11-04 10:25:48', NULL, '2020-11-04 10:25:48');
INSERT INTO `org_user` VALUES (560, 5, '张雨绮', NULL, NULL, '2020-11-04 10:25:48', NULL, '2020-11-04 10:25:48');
INSERT INTO `org_user` VALUES (561, 6, '张雨绮', NULL, NULL, '2020-11-04 10:25:48', NULL, '2020-11-04 10:25:48');
INSERT INTO `org_user` VALUES (562, 7, '张雨绮', NULL, NULL, '2020-11-04 10:25:48', NULL, '2020-11-04 10:25:48');
INSERT INTO `org_user` VALUES (563, 8, '张雨绮', NULL, NULL, '2020-11-04 10:25:48', NULL, '2020-11-04 10:25:48');
INSERT INTO `org_user` VALUES (564, 9, '张雨绮', NULL, NULL, '2020-11-04 10:25:48', NULL, '2020-11-04 10:25:48');
INSERT INTO `org_user` VALUES (565, 10, '张雨绮', NULL, NULL, '2020-11-04 10:25:48', NULL, '2020-11-04 10:25:48');
INSERT INTO `org_user` VALUES (566, 11, '张雨绮', NULL, NULL, '2020-11-04 10:25:48', NULL, '2020-11-04 10:25:48');
INSERT INTO `org_user` VALUES (567, 12, '张雨绮', NULL, NULL, '2020-11-04 10:25:48', NULL, '2020-11-04 10:25:48');
INSERT INTO `org_user` VALUES (568, 13, '张雨绮', NULL, NULL, '2020-11-04 10:25:48', NULL, '2020-11-04 10:25:48');
INSERT INTO `org_user` VALUES (569, 14, '张雨绮', NULL, NULL, '2020-11-04 10:25:48', NULL, '2020-11-04 10:25:48');
INSERT INTO `org_user` VALUES (570, 15, '张雨绮', NULL, NULL, '2020-11-04 10:25:48', NULL, '2020-11-04 10:25:48');
INSERT INTO `org_user` VALUES (571, 16, '张雨绮', NULL, NULL, '2020-11-04 10:25:48', NULL, '2020-11-04 10:25:48');
INSERT INTO `org_user` VALUES (572, 17, '张雨绮', NULL, NULL, '2020-11-04 10:25:48', NULL, '2020-11-04 10:25:48');
INSERT INTO `org_user` VALUES (573, 18, '张雨绮', NULL, NULL, '2020-11-04 10:25:48', NULL, '2020-11-04 10:25:48');
INSERT INTO `org_user` VALUES (574, 19, '张雨绮', NULL, NULL, '2020-11-04 10:25:48', NULL, '2020-11-04 10:25:48');
INSERT INTO `org_user` VALUES (575, 1, '詹天佑', NULL, NULL, '2020-11-04 10:25:55', NULL, '2020-11-04 10:25:55');
INSERT INTO `org_user` VALUES (576, 2, '詹天佑', NULL, NULL, '2020-11-04 10:25:55', NULL, '2020-11-04 10:25:55');
INSERT INTO `org_user` VALUES (577, 3, '詹天佑', NULL, NULL, '2020-11-04 10:25:55', NULL, '2020-11-04 10:25:55');
INSERT INTO `org_user` VALUES (578, 4, '詹天佑', NULL, NULL, '2020-11-04 10:25:55', NULL, '2020-11-04 10:25:55');
INSERT INTO `org_user` VALUES (579, 5, '詹天佑', NULL, NULL, '2020-11-04 10:25:55', NULL, '2020-11-04 10:25:55');
INSERT INTO `org_user` VALUES (580, 6, '詹天佑', NULL, NULL, '2020-11-04 10:25:55', NULL, '2020-11-04 10:25:55');
INSERT INTO `org_user` VALUES (581, 7, '詹天佑', NULL, NULL, '2020-11-04 10:25:55', NULL, '2020-11-04 10:25:55');
INSERT INTO `org_user` VALUES (582, 8, '詹天佑', NULL, NULL, '2020-11-04 10:25:55', NULL, '2020-11-04 10:25:55');
INSERT INTO `org_user` VALUES (583, 9, '詹天佑', NULL, NULL, '2020-11-04 10:25:55', NULL, '2020-11-04 10:25:55');
INSERT INTO `org_user` VALUES (584, 10, '詹天佑', NULL, NULL, '2020-11-04 10:25:55', NULL, '2020-11-04 10:25:55');
INSERT INTO `org_user` VALUES (585, 11, '詹天佑', NULL, NULL, '2020-11-04 10:25:55', NULL, '2020-11-04 10:25:55');
INSERT INTO `org_user` VALUES (586, 12, '詹天佑', NULL, NULL, '2020-11-04 10:25:55', NULL, '2020-11-04 10:25:55');
INSERT INTO `org_user` VALUES (587, 13, '詹天佑', NULL, NULL, '2020-11-04 10:25:55', NULL, '2020-11-04 10:25:55');
INSERT INTO `org_user` VALUES (588, 14, '詹天佑', NULL, NULL, '2020-11-04 10:25:55', NULL, '2020-11-04 10:25:55');
INSERT INTO `org_user` VALUES (589, 15, '詹天佑', NULL, NULL, '2020-11-04 10:25:55', NULL, '2020-11-04 10:25:55');
INSERT INTO `org_user` VALUES (590, 16, '詹天佑', NULL, NULL, '2020-11-04 10:25:55', NULL, '2020-11-04 10:25:55');
INSERT INTO `org_user` VALUES (591, 17, '詹天佑', NULL, NULL, '2020-11-04 10:25:55', NULL, '2020-11-04 10:25:55');
INSERT INTO `org_user` VALUES (592, 18, '詹天佑', NULL, NULL, '2020-11-04 10:25:55', NULL, '2020-11-04 10:25:55');
INSERT INTO `org_user` VALUES (593, 19, '詹天佑', NULL, NULL, '2020-11-04 10:25:55', NULL, '2020-11-04 10:25:55');
INSERT INTO `org_user` VALUES (594, 1, '张美华', NULL, NULL, '2020-11-04 10:26:07', NULL, '2020-11-04 10:26:07');
INSERT INTO `org_user` VALUES (595, 2, '张美华', NULL, NULL, '2020-11-04 10:26:07', NULL, '2020-11-04 10:26:07');
INSERT INTO `org_user` VALUES (596, 3, '张美华', NULL, NULL, '2020-11-04 10:26:07', NULL, '2020-11-04 10:26:07');
INSERT INTO `org_user` VALUES (597, 4, '张美华', NULL, NULL, '2020-11-04 10:26:07', NULL, '2020-11-04 10:26:07');
INSERT INTO `org_user` VALUES (598, 5, '张美华', NULL, NULL, '2020-11-04 10:26:07', NULL, '2020-11-04 10:26:07');
INSERT INTO `org_user` VALUES (599, 6, '张美华', NULL, NULL, '2020-11-04 10:26:07', NULL, '2020-11-04 10:26:07');
INSERT INTO `org_user` VALUES (600, 7, '张美华', NULL, NULL, '2020-11-04 10:26:07', NULL, '2020-11-04 10:26:07');
INSERT INTO `org_user` VALUES (601, 8, '张美华', NULL, NULL, '2020-11-04 10:26:07', NULL, '2020-11-04 10:26:07');
INSERT INTO `org_user` VALUES (602, 9, '张美华', NULL, NULL, '2020-11-04 10:26:07', NULL, '2020-11-04 10:26:07');
INSERT INTO `org_user` VALUES (603, 10, '张美华', NULL, NULL, '2020-11-04 10:26:07', NULL, '2020-11-04 10:26:07');
INSERT INTO `org_user` VALUES (604, 11, '张美华', NULL, NULL, '2020-11-04 10:26:07', NULL, '2020-11-04 10:26:07');
INSERT INTO `org_user` VALUES (605, 12, '张美华', NULL, NULL, '2020-11-04 10:26:07', NULL, '2020-11-04 10:26:07');
INSERT INTO `org_user` VALUES (606, 13, '张美华', NULL, NULL, '2020-11-04 10:26:07', NULL, '2020-11-04 10:26:07');
INSERT INTO `org_user` VALUES (607, 14, '张美华', NULL, NULL, '2020-11-04 10:26:07', NULL, '2020-11-04 10:26:07');
INSERT INTO `org_user` VALUES (608, 15, '张美华', NULL, NULL, '2020-11-04 10:26:07', NULL, '2020-11-04 10:26:07');
INSERT INTO `org_user` VALUES (609, 16, '张美华', NULL, NULL, '2020-11-04 10:26:08', NULL, '2020-11-04 10:26:08');
INSERT INTO `org_user` VALUES (610, 17, '张美华', NULL, NULL, '2020-11-04 10:26:08', NULL, '2020-11-04 10:26:08');
INSERT INTO `org_user` VALUES (611, 18, '张美华', NULL, NULL, '2020-11-04 10:26:08', NULL, '2020-11-04 10:26:08');
INSERT INTO `org_user` VALUES (612, 19, '张美华', NULL, NULL, '2020-11-04 10:26:08', NULL, '2020-11-04 10:26:08');
INSERT INTO `org_user` VALUES (613, 1, '霍建华', NULL, NULL, '2020-11-04 10:26:14', NULL, '2020-11-04 10:26:14');
INSERT INTO `org_user` VALUES (614, 2, '霍建华', NULL, NULL, '2020-11-04 10:26:14', NULL, '2020-11-04 10:26:14');
INSERT INTO `org_user` VALUES (615, 3, '霍建华', NULL, NULL, '2020-11-04 10:26:14', NULL, '2020-11-04 10:26:14');
INSERT INTO `org_user` VALUES (616, 4, '霍建华', NULL, NULL, '2020-11-04 10:26:14', NULL, '2020-11-04 10:26:14');
INSERT INTO `org_user` VALUES (617, 5, '霍建华', NULL, NULL, '2020-11-04 10:26:14', NULL, '2020-11-04 10:26:14');
INSERT INTO `org_user` VALUES (618, 6, '霍建华', NULL, NULL, '2020-11-04 10:26:14', NULL, '2020-11-04 10:26:14');
INSERT INTO `org_user` VALUES (619, 7, '霍建华', NULL, NULL, '2020-11-04 10:26:14', NULL, '2020-11-04 10:26:14');
INSERT INTO `org_user` VALUES (620, 8, '霍建华', NULL, NULL, '2020-11-04 10:26:14', NULL, '2020-11-04 10:26:14');
INSERT INTO `org_user` VALUES (621, 9, '霍建华', NULL, NULL, '2020-11-04 10:26:14', NULL, '2020-11-04 10:26:14');
INSERT INTO `org_user` VALUES (622, 10, '霍建华', NULL, NULL, '2020-11-04 10:26:14', NULL, '2020-11-04 10:26:14');
INSERT INTO `org_user` VALUES (623, 11, '霍建华', NULL, NULL, '2020-11-04 10:26:14', NULL, '2020-11-04 10:26:14');
INSERT INTO `org_user` VALUES (624, 12, '霍建华', NULL, NULL, '2020-11-04 10:26:14', NULL, '2020-11-04 10:26:14');
INSERT INTO `org_user` VALUES (625, 13, '霍建华', NULL, NULL, '2020-11-04 10:26:14', NULL, '2020-11-04 10:26:14');
INSERT INTO `org_user` VALUES (626, 14, '霍建华', NULL, NULL, '2020-11-04 10:26:14', NULL, '2020-11-04 10:26:14');
INSERT INTO `org_user` VALUES (627, 15, '霍建华', NULL, NULL, '2020-11-04 10:26:14', NULL, '2020-11-04 10:26:14');
INSERT INTO `org_user` VALUES (628, 16, '霍建华', NULL, NULL, '2020-11-04 10:26:14', NULL, '2020-11-04 10:26:14');
INSERT INTO `org_user` VALUES (629, 17, '霍建华', NULL, NULL, '2020-11-04 10:26:14', NULL, '2020-11-04 10:26:14');
INSERT INTO `org_user` VALUES (630, 18, '霍建华', NULL, NULL, '2020-11-04 10:26:14', NULL, '2020-11-04 10:26:14');
INSERT INTO `org_user` VALUES (631, 19, '霍建华', NULL, NULL, '2020-11-04 10:26:14', NULL, '2020-11-04 10:26:14');
INSERT INTO `org_user` VALUES (632, 1, '古月', NULL, NULL, '2020-11-04 10:26:21', NULL, '2020-11-04 10:26:21');
INSERT INTO `org_user` VALUES (633, 2, '古月', NULL, NULL, '2020-11-04 10:26:21', NULL, '2020-11-04 10:26:21');
INSERT INTO `org_user` VALUES (634, 3, '古月', NULL, NULL, '2020-11-04 10:26:21', NULL, '2020-11-04 10:26:21');
INSERT INTO `org_user` VALUES (635, 4, '古月', NULL, NULL, '2020-11-04 10:26:21', NULL, '2020-11-04 10:26:21');
INSERT INTO `org_user` VALUES (636, 5, '古月', NULL, NULL, '2020-11-04 10:26:21', NULL, '2020-11-04 10:26:21');
INSERT INTO `org_user` VALUES (637, 6, '古月', NULL, NULL, '2020-11-04 10:26:21', NULL, '2020-11-04 10:26:21');
INSERT INTO `org_user` VALUES (638, 7, '古月', NULL, NULL, '2020-11-04 10:26:21', NULL, '2020-11-04 10:26:21');
INSERT INTO `org_user` VALUES (639, 8, '古月', NULL, NULL, '2020-11-04 10:26:21', NULL, '2020-11-04 10:26:21');
INSERT INTO `org_user` VALUES (640, 9, '古月', NULL, NULL, '2020-11-04 10:26:21', NULL, '2020-11-04 10:26:21');
INSERT INTO `org_user` VALUES (641, 10, '古月', NULL, NULL, '2020-11-04 10:26:21', NULL, '2020-11-04 10:26:21');
INSERT INTO `org_user` VALUES (642, 11, '古月', NULL, NULL, '2020-11-04 10:26:21', NULL, '2020-11-04 10:26:21');
INSERT INTO `org_user` VALUES (643, 12, '古月', NULL, NULL, '2020-11-04 10:26:21', NULL, '2020-11-04 10:26:21');
INSERT INTO `org_user` VALUES (644, 13, '古月', NULL, NULL, '2020-11-04 10:26:21', NULL, '2020-11-04 10:26:21');
INSERT INTO `org_user` VALUES (645, 14, '古月', NULL, NULL, '2020-11-04 10:26:21', NULL, '2020-11-04 10:26:21');
INSERT INTO `org_user` VALUES (646, 15, '古月', NULL, NULL, '2020-11-04 10:26:21', NULL, '2020-11-04 10:26:21');
INSERT INTO `org_user` VALUES (647, 16, '古月', NULL, NULL, '2020-11-04 10:26:21', NULL, '2020-11-04 10:26:21');
INSERT INTO `org_user` VALUES (648, 17, '古月', NULL, NULL, '2020-11-04 10:26:21', NULL, '2020-11-04 10:26:21');
INSERT INTO `org_user` VALUES (649, 18, '古月', NULL, NULL, '2020-11-04 10:26:21', NULL, '2020-11-04 10:26:21');
INSERT INTO `org_user` VALUES (650, 19, '古月', NULL, NULL, '2020-11-04 10:26:21', NULL, '2020-11-04 10:26:21');
INSERT INTO `org_user` VALUES (651, 1, '韩庚', NULL, NULL, '2020-11-04 10:26:35', NULL, '2020-11-04 10:26:35');
INSERT INTO `org_user` VALUES (652, 2, '韩庚', NULL, NULL, '2020-11-04 10:26:35', NULL, '2020-11-04 10:26:35');
INSERT INTO `org_user` VALUES (653, 3, '韩庚', NULL, NULL, '2020-11-04 10:26:35', NULL, '2020-11-04 10:26:35');
INSERT INTO `org_user` VALUES (654, 4, '韩庚', NULL, NULL, '2020-11-04 10:26:35', NULL, '2020-11-04 10:26:35');
INSERT INTO `org_user` VALUES (655, 5, '韩庚', NULL, NULL, '2020-11-04 10:26:35', NULL, '2020-11-04 10:26:35');
INSERT INTO `org_user` VALUES (656, 6, '韩庚', NULL, NULL, '2020-11-04 10:26:35', NULL, '2020-11-04 10:26:35');
INSERT INTO `org_user` VALUES (657, 7, '韩庚', NULL, NULL, '2020-11-04 10:26:35', NULL, '2020-11-04 10:26:35');
INSERT INTO `org_user` VALUES (658, 8, '韩庚', NULL, NULL, '2020-11-04 10:26:35', NULL, '2020-11-04 10:26:35');
INSERT INTO `org_user` VALUES (659, 9, '韩庚', NULL, NULL, '2020-11-04 10:26:35', NULL, '2020-11-04 10:26:35');
INSERT INTO `org_user` VALUES (660, 10, '韩庚', NULL, NULL, '2020-11-04 10:26:35', NULL, '2020-11-04 10:26:35');
INSERT INTO `org_user` VALUES (661, 11, '韩庚', NULL, NULL, '2020-11-04 10:26:35', NULL, '2020-11-04 10:26:35');
INSERT INTO `org_user` VALUES (662, 12, '韩庚', NULL, NULL, '2020-11-04 10:26:35', NULL, '2020-11-04 10:26:35');
INSERT INTO `org_user` VALUES (663, 13, '韩庚', NULL, NULL, '2020-11-04 10:26:35', NULL, '2020-11-04 10:26:35');
INSERT INTO `org_user` VALUES (664, 14, '韩庚', NULL, NULL, '2020-11-04 10:26:35', NULL, '2020-11-04 10:26:35');
INSERT INTO `org_user` VALUES (665, 15, '韩庚', NULL, NULL, '2020-11-04 10:26:35', NULL, '2020-11-04 10:26:35');
INSERT INTO `org_user` VALUES (666, 16, '韩庚', NULL, NULL, '2020-11-04 10:26:35', NULL, '2020-11-04 10:26:35');
INSERT INTO `org_user` VALUES (667, 17, '韩庚', NULL, NULL, '2020-11-04 10:26:35', NULL, '2020-11-04 10:26:35');
INSERT INTO `org_user` VALUES (668, 18, '韩庚', NULL, NULL, '2020-11-04 10:26:35', NULL, '2020-11-04 10:26:35');
INSERT INTO `org_user` VALUES (669, 19, '韩庚', NULL, NULL, '2020-11-04 10:26:35', NULL, '2020-11-04 10:26:35');
INSERT INTO `org_user` VALUES (670, 1, '毛新', NULL, NULL, '2020-11-04 10:26:41', NULL, '2020-11-04 10:26:41');
INSERT INTO `org_user` VALUES (671, 2, '毛新', NULL, NULL, '2020-11-04 10:26:41', NULL, '2020-11-04 10:26:41');
INSERT INTO `org_user` VALUES (672, 3, '毛新', NULL, NULL, '2020-11-04 10:26:41', NULL, '2020-11-04 10:26:41');
INSERT INTO `org_user` VALUES (673, 4, '毛新', NULL, NULL, '2020-11-04 10:26:41', NULL, '2020-11-04 10:26:41');
INSERT INTO `org_user` VALUES (674, 5, '毛新', NULL, NULL, '2020-11-04 10:26:41', NULL, '2020-11-04 10:26:41');
INSERT INTO `org_user` VALUES (675, 6, '毛新', NULL, NULL, '2020-11-04 10:26:41', NULL, '2020-11-04 10:26:41');
INSERT INTO `org_user` VALUES (676, 7, '毛新', NULL, NULL, '2020-11-04 10:26:41', NULL, '2020-11-04 10:26:41');
INSERT INTO `org_user` VALUES (677, 8, '毛新', NULL, NULL, '2020-11-04 10:26:41', NULL, '2020-11-04 10:26:41');
INSERT INTO `org_user` VALUES (678, 9, '毛新', NULL, NULL, '2020-11-04 10:26:41', NULL, '2020-11-04 10:26:41');
INSERT INTO `org_user` VALUES (679, 10, '毛新', NULL, NULL, '2020-11-04 10:26:41', NULL, '2020-11-04 10:26:41');
INSERT INTO `org_user` VALUES (680, 11, '毛新', NULL, NULL, '2020-11-04 10:26:41', NULL, '2020-11-04 10:26:41');
INSERT INTO `org_user` VALUES (681, 12, '毛新', NULL, NULL, '2020-11-04 10:26:41', NULL, '2020-11-04 10:26:41');
INSERT INTO `org_user` VALUES (682, 13, '毛新', NULL, NULL, '2020-11-04 10:26:41', NULL, '2020-11-04 10:26:41');
INSERT INTO `org_user` VALUES (683, 14, '毛新', NULL, NULL, '2020-11-04 10:26:41', NULL, '2020-11-04 10:26:41');
INSERT INTO `org_user` VALUES (684, 15, '毛新', NULL, NULL, '2020-11-04 10:26:41', NULL, '2020-11-04 10:26:41');
INSERT INTO `org_user` VALUES (685, 16, '毛新', NULL, NULL, '2020-11-04 10:26:41', NULL, '2020-11-04 10:26:41');
INSERT INTO `org_user` VALUES (686, 17, '毛新', NULL, NULL, '2020-11-04 10:26:41', NULL, '2020-11-04 10:26:41');
INSERT INTO `org_user` VALUES (687, 18, '毛新', NULL, NULL, '2020-11-04 10:26:41', NULL, '2020-11-04 10:26:41');
INSERT INTO `org_user` VALUES (688, 19, '毛新', NULL, NULL, '2020-11-04 10:26:42', NULL, '2020-11-04 10:26:42');
INSERT INTO `org_user` VALUES (689, 1, '潘晓东', NULL, NULL, '2020-11-04 10:27:05', NULL, '2020-11-04 10:27:05');
INSERT INTO `org_user` VALUES (690, 2, '潘晓东', NULL, NULL, '2020-11-04 10:27:05', NULL, '2020-11-04 10:27:05');
INSERT INTO `org_user` VALUES (691, 3, '潘晓东', NULL, NULL, '2020-11-04 10:27:05', NULL, '2020-11-04 10:27:05');
INSERT INTO `org_user` VALUES (692, 4, '潘晓东', NULL, NULL, '2020-11-04 10:27:05', NULL, '2020-11-04 10:27:05');
INSERT INTO `org_user` VALUES (693, 5, '潘晓东', NULL, NULL, '2020-11-04 10:27:05', NULL, '2020-11-04 10:27:05');
INSERT INTO `org_user` VALUES (694, 6, '潘晓东', NULL, NULL, '2020-11-04 10:27:05', NULL, '2020-11-04 10:27:05');
INSERT INTO `org_user` VALUES (695, 7, '潘晓东', NULL, NULL, '2020-11-04 10:27:05', NULL, '2020-11-04 10:27:05');
INSERT INTO `org_user` VALUES (696, 8, '潘晓东', NULL, NULL, '2020-11-04 10:27:05', NULL, '2020-11-04 10:27:05');
INSERT INTO `org_user` VALUES (697, 9, '潘晓东', NULL, NULL, '2020-11-04 10:27:05', NULL, '2020-11-04 10:27:05');
INSERT INTO `org_user` VALUES (698, 10, '潘晓东', NULL, NULL, '2020-11-04 10:27:05', NULL, '2020-11-04 10:27:05');
INSERT INTO `org_user` VALUES (699, 11, '潘晓东', NULL, NULL, '2020-11-04 10:27:05', NULL, '2020-11-04 10:27:05');
INSERT INTO `org_user` VALUES (700, 12, '潘晓东', NULL, NULL, '2020-11-04 10:27:05', NULL, '2020-11-04 10:27:05');
INSERT INTO `org_user` VALUES (701, 13, '潘晓东', NULL, NULL, '2020-11-04 10:27:05', NULL, '2020-11-04 10:27:05');
INSERT INTO `org_user` VALUES (702, 14, '潘晓东', NULL, NULL, '2020-11-04 10:27:05', NULL, '2020-11-04 10:27:05');
INSERT INTO `org_user` VALUES (703, 15, '潘晓东', NULL, NULL, '2020-11-04 10:27:05', NULL, '2020-11-04 10:27:05');
INSERT INTO `org_user` VALUES (704, 16, '潘晓东', NULL, NULL, '2020-11-04 10:27:05', NULL, '2020-11-04 10:27:05');
INSERT INTO `org_user` VALUES (705, 17, '潘晓东', NULL, NULL, '2020-11-04 10:27:05', NULL, '2020-11-04 10:27:05');
INSERT INTO `org_user` VALUES (706, 18, '潘晓东', NULL, NULL, '2020-11-04 10:27:05', NULL, '2020-11-04 10:27:05');
INSERT INTO `org_user` VALUES (707, 19, '潘晓东', NULL, NULL, '2020-11-04 10:27:05', NULL, '2020-11-04 10:27:05');
INSERT INTO `org_user` VALUES (708, 1, '特洛伊', NULL, NULL, '2020-11-04 10:27:15', NULL, '2020-11-04 10:27:15');
INSERT INTO `org_user` VALUES (709, 2, '特洛伊', NULL, NULL, '2020-11-04 10:27:15', NULL, '2020-11-04 10:27:15');
INSERT INTO `org_user` VALUES (710, 3, '特洛伊', NULL, NULL, '2020-11-04 10:27:15', NULL, '2020-11-04 10:27:15');
INSERT INTO `org_user` VALUES (711, 4, '特洛伊', NULL, NULL, '2020-11-04 10:27:15', NULL, '2020-11-04 10:27:15');
INSERT INTO `org_user` VALUES (712, 5, '特洛伊', NULL, NULL, '2020-11-04 10:27:15', NULL, '2020-11-04 10:27:15');
INSERT INTO `org_user` VALUES (713, 6, '特洛伊', NULL, NULL, '2020-11-04 10:27:15', NULL, '2020-11-04 10:27:15');
INSERT INTO `org_user` VALUES (714, 7, '特洛伊', NULL, NULL, '2020-11-04 10:27:15', NULL, '2020-11-04 10:27:15');
INSERT INTO `org_user` VALUES (715, 8, '特洛伊', NULL, NULL, '2020-11-04 10:27:15', NULL, '2020-11-04 10:27:15');
INSERT INTO `org_user` VALUES (716, 9, '特洛伊', NULL, NULL, '2020-11-04 10:27:15', NULL, '2020-11-04 10:27:15');
INSERT INTO `org_user` VALUES (717, 10, '特洛伊', NULL, NULL, '2020-11-04 10:27:15', NULL, '2020-11-04 10:27:15');
INSERT INTO `org_user` VALUES (718, 11, '特洛伊', NULL, NULL, '2020-11-04 10:27:15', NULL, '2020-11-04 10:27:15');
INSERT INTO `org_user` VALUES (719, 12, '特洛伊', NULL, NULL, '2020-11-04 10:27:15', NULL, '2020-11-04 10:27:15');
INSERT INTO `org_user` VALUES (720, 13, '特洛伊', NULL, NULL, '2020-11-04 10:27:15', NULL, '2020-11-04 10:27:15');
INSERT INTO `org_user` VALUES (721, 14, '特洛伊', NULL, NULL, '2020-11-04 10:27:15', NULL, '2020-11-04 10:27:15');
INSERT INTO `org_user` VALUES (722, 15, '特洛伊', NULL, NULL, '2020-11-04 10:27:15', NULL, '2020-11-04 10:27:15');
INSERT INTO `org_user` VALUES (723, 16, '特洛伊', NULL, NULL, '2020-11-04 10:27:15', NULL, '2020-11-04 10:27:15');
INSERT INTO `org_user` VALUES (724, 17, '特洛伊', NULL, NULL, '2020-11-04 10:27:15', NULL, '2020-11-04 10:27:15');
INSERT INTO `org_user` VALUES (725, 18, '特洛伊', NULL, NULL, '2020-11-04 10:27:15', NULL, '2020-11-04 10:27:15');
INSERT INTO `org_user` VALUES (726, 19, '特洛伊', NULL, NULL, '2020-11-04 10:27:15', NULL, '2020-11-04 10:27:15');
INSERT INTO `org_user` VALUES (727, 1, '唐老鸭', NULL, NULL, '2020-11-04 10:27:20', NULL, '2020-11-04 10:27:20');
INSERT INTO `org_user` VALUES (728, 2, '唐老鸭', NULL, NULL, '2020-11-04 10:27:20', NULL, '2020-11-04 10:27:20');
INSERT INTO `org_user` VALUES (729, 3, '唐老鸭', NULL, NULL, '2020-11-04 10:27:20', NULL, '2020-11-04 10:27:20');
INSERT INTO `org_user` VALUES (730, 4, '唐老鸭', NULL, NULL, '2020-11-04 10:27:20', NULL, '2020-11-04 10:27:20');
INSERT INTO `org_user` VALUES (731, 5, '唐老鸭', NULL, NULL, '2020-11-04 10:27:20', NULL, '2020-11-04 10:27:20');
INSERT INTO `org_user` VALUES (732, 6, '唐老鸭', NULL, NULL, '2020-11-04 10:27:20', NULL, '2020-11-04 10:27:20');
INSERT INTO `org_user` VALUES (733, 7, '唐老鸭', NULL, NULL, '2020-11-04 10:27:20', NULL, '2020-11-04 10:27:20');
INSERT INTO `org_user` VALUES (734, 8, '唐老鸭', NULL, NULL, '2020-11-04 10:27:20', NULL, '2020-11-04 10:27:20');
INSERT INTO `org_user` VALUES (735, 9, '唐老鸭', NULL, NULL, '2020-11-04 10:27:20', NULL, '2020-11-04 10:27:20');
INSERT INTO `org_user` VALUES (736, 10, '唐老鸭', NULL, NULL, '2020-11-04 10:27:20', NULL, '2020-11-04 10:27:20');
INSERT INTO `org_user` VALUES (737, 11, '唐老鸭', NULL, NULL, '2020-11-04 10:27:20', NULL, '2020-11-04 10:27:20');
INSERT INTO `org_user` VALUES (738, 12, '唐老鸭', NULL, NULL, '2020-11-04 10:27:20', NULL, '2020-11-04 10:27:20');
INSERT INTO `org_user` VALUES (739, 13, '唐老鸭', NULL, NULL, '2020-11-04 10:27:20', NULL, '2020-11-04 10:27:20');
INSERT INTO `org_user` VALUES (740, 14, '唐老鸭', NULL, NULL, '2020-11-04 10:27:20', NULL, '2020-11-04 10:27:20');
INSERT INTO `org_user` VALUES (741, 15, '唐老鸭', NULL, NULL, '2020-11-04 10:27:20', NULL, '2020-11-04 10:27:20');
INSERT INTO `org_user` VALUES (742, 16, '唐老鸭', NULL, NULL, '2020-11-04 10:27:20', NULL, '2020-11-04 10:27:20');
INSERT INTO `org_user` VALUES (743, 17, '唐老鸭', NULL, NULL, '2020-11-04 10:27:20', NULL, '2020-11-04 10:27:20');
INSERT INTO `org_user` VALUES (744, 18, '唐老鸭', NULL, NULL, '2020-11-04 10:27:20', NULL, '2020-11-04 10:27:20');
INSERT INTO `org_user` VALUES (745, 19, '唐老鸭', NULL, NULL, '2020-11-04 10:27:20', NULL, '2020-11-04 10:27:20');
INSERT INTO `org_user` VALUES (746, 1, '田连元', NULL, NULL, '2020-11-04 10:27:30', NULL, '2020-11-04 10:27:30');
INSERT INTO `org_user` VALUES (747, 2, '田连元', NULL, NULL, '2020-11-04 10:27:30', NULL, '2020-11-04 10:27:30');
INSERT INTO `org_user` VALUES (748, 3, '田连元', NULL, NULL, '2020-11-04 10:27:30', NULL, '2020-11-04 10:27:30');
INSERT INTO `org_user` VALUES (749, 4, '田连元', NULL, NULL, '2020-11-04 10:27:30', NULL, '2020-11-04 10:27:30');
INSERT INTO `org_user` VALUES (750, 5, '田连元', NULL, NULL, '2020-11-04 10:27:30', NULL, '2020-11-04 10:27:30');
INSERT INTO `org_user` VALUES (751, 6, '田连元', NULL, NULL, '2020-11-04 10:27:30', NULL, '2020-11-04 10:27:30');
INSERT INTO `org_user` VALUES (752, 7, '田连元', NULL, NULL, '2020-11-04 10:27:30', NULL, '2020-11-04 10:27:30');
INSERT INTO `org_user` VALUES (753, 8, '田连元', NULL, NULL, '2020-11-04 10:27:30', NULL, '2020-11-04 10:27:30');
INSERT INTO `org_user` VALUES (754, 9, '田连元', NULL, NULL, '2020-11-04 10:27:30', NULL, '2020-11-04 10:27:30');
INSERT INTO `org_user` VALUES (755, 10, '田连元', NULL, NULL, '2020-11-04 10:27:30', NULL, '2020-11-04 10:27:30');
INSERT INTO `org_user` VALUES (756, 11, '田连元', NULL, NULL, '2020-11-04 10:27:30', NULL, '2020-11-04 10:27:30');
INSERT INTO `org_user` VALUES (757, 12, '田连元', NULL, NULL, '2020-11-04 10:27:30', NULL, '2020-11-04 10:27:30');
INSERT INTO `org_user` VALUES (758, 13, '田连元', NULL, NULL, '2020-11-04 10:27:30', NULL, '2020-11-04 10:27:30');
INSERT INTO `org_user` VALUES (759, 14, '田连元', NULL, NULL, '2020-11-04 10:27:30', NULL, '2020-11-04 10:27:30');
INSERT INTO `org_user` VALUES (760, 15, '田连元', NULL, NULL, '2020-11-04 10:27:30', NULL, '2020-11-04 10:27:30');
INSERT INTO `org_user` VALUES (761, 16, '田连元', NULL, NULL, '2020-11-04 10:27:30', NULL, '2020-11-04 10:27:30');
INSERT INTO `org_user` VALUES (762, 17, '田连元', NULL, NULL, '2020-11-04 10:27:30', NULL, '2020-11-04 10:27:30');
INSERT INTO `org_user` VALUES (763, 18, '田连元', NULL, NULL, '2020-11-04 10:27:30', NULL, '2020-11-04 10:27:30');
INSERT INTO `org_user` VALUES (764, 19, '田连元', NULL, NULL, '2020-11-04 10:27:30', NULL, '2020-11-04 10:27:30');
INSERT INTO `org_user` VALUES (765, 1, '陈奕迅', NULL, NULL, '2020-11-04 10:27:37', NULL, '2020-11-04 10:27:37');
INSERT INTO `org_user` VALUES (766, 2, '陈奕迅', NULL, NULL, '2020-11-04 10:27:37', NULL, '2020-11-04 10:27:37');
INSERT INTO `org_user` VALUES (767, 3, '陈奕迅', NULL, NULL, '2020-11-04 10:27:37', NULL, '2020-11-04 10:27:37');
INSERT INTO `org_user` VALUES (768, 4, '陈奕迅', NULL, NULL, '2020-11-04 10:27:37', NULL, '2020-11-04 10:27:37');
INSERT INTO `org_user` VALUES (769, 5, '陈奕迅', NULL, NULL, '2020-11-04 10:27:37', NULL, '2020-11-04 10:27:37');
INSERT INTO `org_user` VALUES (770, 6, '陈奕迅', NULL, NULL, '2020-11-04 10:27:37', NULL, '2020-11-04 10:27:37');
INSERT INTO `org_user` VALUES (771, 7, '陈奕迅', NULL, NULL, '2020-11-04 10:27:37', NULL, '2020-11-04 10:27:37');
INSERT INTO `org_user` VALUES (772, 8, '陈奕迅', NULL, NULL, '2020-11-04 10:27:37', NULL, '2020-11-04 10:27:37');
INSERT INTO `org_user` VALUES (773, 9, '陈奕迅', NULL, NULL, '2020-11-04 10:27:37', NULL, '2020-11-04 10:27:37');
INSERT INTO `org_user` VALUES (774, 10, '陈奕迅', NULL, NULL, '2020-11-04 10:27:37', NULL, '2020-11-04 10:27:37');
INSERT INTO `org_user` VALUES (775, 11, '陈奕迅', NULL, NULL, '2020-11-04 10:27:37', NULL, '2020-11-04 10:27:37');
INSERT INTO `org_user` VALUES (776, 12, '陈奕迅', NULL, NULL, '2020-11-04 10:27:37', NULL, '2020-11-04 10:27:37');
INSERT INTO `org_user` VALUES (777, 13, '陈奕迅', NULL, NULL, '2020-11-04 10:27:37', NULL, '2020-11-04 10:27:37');
INSERT INTO `org_user` VALUES (778, 14, '陈奕迅', NULL, NULL, '2020-11-04 10:27:37', NULL, '2020-11-04 10:27:37');
INSERT INTO `org_user` VALUES (779, 15, '陈奕迅', NULL, NULL, '2020-11-04 10:27:37', NULL, '2020-11-04 10:27:37');
INSERT INTO `org_user` VALUES (780, 16, '陈奕迅', NULL, NULL, '2020-11-04 10:27:37', NULL, '2020-11-04 10:27:37');
INSERT INTO `org_user` VALUES (781, 17, '陈奕迅', NULL, NULL, '2020-11-04 10:27:37', NULL, '2020-11-04 10:27:37');
INSERT INTO `org_user` VALUES (782, 18, '陈奕迅', NULL, NULL, '2020-11-04 10:27:37', NULL, '2020-11-04 10:27:37');
INSERT INTO `org_user` VALUES (783, 19, '陈奕迅', NULL, NULL, '2020-11-04 10:27:37', NULL, '2020-11-04 10:27:37');
INSERT INTO `org_user` VALUES (784, 1, '陈妍希', NULL, NULL, '2020-11-04 10:27:46', NULL, '2020-11-04 10:27:46');
INSERT INTO `org_user` VALUES (785, 2, '陈妍希', NULL, NULL, '2020-11-04 10:27:46', NULL, '2020-11-04 10:27:46');
INSERT INTO `org_user` VALUES (786, 3, '陈妍希', NULL, NULL, '2020-11-04 10:27:46', NULL, '2020-11-04 10:27:46');
INSERT INTO `org_user` VALUES (787, 4, '陈妍希', NULL, NULL, '2020-11-04 10:27:46', NULL, '2020-11-04 10:27:46');
INSERT INTO `org_user` VALUES (788, 5, '陈妍希', NULL, NULL, '2020-11-04 10:27:46', NULL, '2020-11-04 10:27:46');
INSERT INTO `org_user` VALUES (789, 6, '陈妍希', NULL, NULL, '2020-11-04 10:27:46', NULL, '2020-11-04 10:27:46');
INSERT INTO `org_user` VALUES (790, 7, '陈妍希', NULL, NULL, '2020-11-04 10:27:46', NULL, '2020-11-04 10:27:46');
INSERT INTO `org_user` VALUES (791, 8, '陈妍希', NULL, NULL, '2020-11-04 10:27:46', NULL, '2020-11-04 10:27:46');
INSERT INTO `org_user` VALUES (792, 9, '陈妍希', NULL, NULL, '2020-11-04 10:27:46', NULL, '2020-11-04 10:27:46');
INSERT INTO `org_user` VALUES (793, 10, '陈妍希', NULL, NULL, '2020-11-04 10:27:46', NULL, '2020-11-04 10:27:46');
INSERT INTO `org_user` VALUES (794, 11, '陈妍希', NULL, NULL, '2020-11-04 10:27:46', NULL, '2020-11-04 10:27:46');
INSERT INTO `org_user` VALUES (795, 12, '陈妍希', NULL, NULL, '2020-11-04 10:27:46', NULL, '2020-11-04 10:27:46');
INSERT INTO `org_user` VALUES (796, 13, '陈妍希', NULL, NULL, '2020-11-04 10:27:46', NULL, '2020-11-04 10:27:46');
INSERT INTO `org_user` VALUES (797, 14, '陈妍希', NULL, NULL, '2020-11-04 10:27:46', NULL, '2020-11-04 10:27:46');
INSERT INTO `org_user` VALUES (798, 15, '陈妍希', NULL, NULL, '2020-11-04 10:27:46', NULL, '2020-11-04 10:27:46');
INSERT INTO `org_user` VALUES (799, 16, '陈妍希', NULL, NULL, '2020-11-04 10:27:46', NULL, '2020-11-04 10:27:46');
INSERT INTO `org_user` VALUES (800, 17, '陈妍希', NULL, NULL, '2020-11-04 10:27:46', NULL, '2020-11-04 10:27:46');
INSERT INTO `org_user` VALUES (801, 18, '陈妍希', NULL, NULL, '2020-11-04 10:27:46', NULL, '2020-11-04 10:27:46');
INSERT INTO `org_user` VALUES (802, 19, '陈妍希', NULL, NULL, '2020-11-04 10:27:46', NULL, '2020-11-04 10:27:46');
INSERT INTO `org_user` VALUES (803, 1, '张宇', NULL, NULL, '2020-11-04 10:28:06', NULL, '2020-11-04 10:28:06');
INSERT INTO `org_user` VALUES (804, 2, '张宇', NULL, NULL, '2020-11-04 10:28:06', NULL, '2020-11-04 10:28:06');
INSERT INTO `org_user` VALUES (805, 3, '张宇', NULL, NULL, '2020-11-04 10:28:06', NULL, '2020-11-04 10:28:06');
INSERT INTO `org_user` VALUES (806, 4, '张宇', NULL, NULL, '2020-11-04 10:28:06', NULL, '2020-11-04 10:28:06');
INSERT INTO `org_user` VALUES (807, 5, '张宇', NULL, NULL, '2020-11-04 10:28:06', NULL, '2020-11-04 10:28:06');
INSERT INTO `org_user` VALUES (808, 6, '张宇', NULL, NULL, '2020-11-04 10:28:06', NULL, '2020-11-04 10:28:06');
INSERT INTO `org_user` VALUES (809, 7, '张宇', NULL, NULL, '2020-11-04 10:28:06', NULL, '2020-11-04 10:28:06');
INSERT INTO `org_user` VALUES (810, 8, '张宇', NULL, NULL, '2020-11-04 10:28:06', NULL, '2020-11-04 10:28:06');
INSERT INTO `org_user` VALUES (811, 9, '张宇', NULL, NULL, '2020-11-04 10:28:06', NULL, '2020-11-04 10:28:06');
INSERT INTO `org_user` VALUES (812, 10, '张宇', NULL, NULL, '2020-11-04 10:28:06', NULL, '2020-11-04 10:28:06');
INSERT INTO `org_user` VALUES (813, 11, '张宇', NULL, NULL, '2020-11-04 10:28:06', NULL, '2020-11-04 10:28:06');
INSERT INTO `org_user` VALUES (814, 12, '张宇', NULL, NULL, '2020-11-04 10:28:06', NULL, '2020-11-04 10:28:06');
INSERT INTO `org_user` VALUES (815, 13, '张宇', NULL, NULL, '2020-11-04 10:28:06', NULL, '2020-11-04 10:28:06');
INSERT INTO `org_user` VALUES (816, 14, '张宇', NULL, NULL, '2020-11-04 10:28:06', NULL, '2020-11-04 10:28:06');
INSERT INTO `org_user` VALUES (817, 15, '张宇', NULL, NULL, '2020-11-04 10:28:06', NULL, '2020-11-04 10:28:06');
INSERT INTO `org_user` VALUES (818, 16, '张宇', NULL, NULL, '2020-11-04 10:28:06', NULL, '2020-11-04 10:28:06');
INSERT INTO `org_user` VALUES (819, 17, '张宇', NULL, NULL, '2020-11-04 10:28:06', NULL, '2020-11-04 10:28:06');
INSERT INTO `org_user` VALUES (820, 18, '张宇', NULL, NULL, '2020-11-04 10:28:06', NULL, '2020-11-04 10:28:06');
INSERT INTO `org_user` VALUES (821, 19, '张宇', NULL, NULL, '2020-11-04 10:28:06', NULL, '2020-11-04 10:28:06');
INSERT INTO `org_user` VALUES (822, 1, '郑州', NULL, NULL, '2020-11-04 10:28:26', NULL, '2020-11-04 10:28:26');
INSERT INTO `org_user` VALUES (823, 2, '郑州', NULL, NULL, '2020-11-04 10:28:26', NULL, '2020-11-04 10:28:26');
INSERT INTO `org_user` VALUES (824, 3, '郑州', NULL, NULL, '2020-11-04 10:28:26', NULL, '2020-11-04 10:28:26');
INSERT INTO `org_user` VALUES (825, 4, '郑州', NULL, NULL, '2020-11-04 10:28:26', NULL, '2020-11-04 10:28:26');
INSERT INTO `org_user` VALUES (826, 5, '郑州', NULL, NULL, '2020-11-04 10:28:26', NULL, '2020-11-04 10:28:26');
INSERT INTO `org_user` VALUES (827, 6, '郑州', NULL, NULL, '2020-11-04 10:28:26', NULL, '2020-11-04 10:28:26');
INSERT INTO `org_user` VALUES (828, 7, '郑州', NULL, NULL, '2020-11-04 10:28:26', NULL, '2020-11-04 10:28:26');
INSERT INTO `org_user` VALUES (829, 8, '郑州', NULL, NULL, '2020-11-04 10:28:26', NULL, '2020-11-04 10:28:26');
INSERT INTO `org_user` VALUES (830, 9, '郑州', NULL, NULL, '2020-11-04 10:28:26', NULL, '2020-11-04 10:28:26');
INSERT INTO `org_user` VALUES (831, 10, '郑州', NULL, NULL, '2020-11-04 10:28:26', NULL, '2020-11-04 10:28:26');
INSERT INTO `org_user` VALUES (832, 11, '郑州', NULL, NULL, '2020-11-04 10:28:26', NULL, '2020-11-04 10:28:26');
INSERT INTO `org_user` VALUES (833, 12, '郑州', NULL, NULL, '2020-11-04 10:28:26', NULL, '2020-11-04 10:28:26');
INSERT INTO `org_user` VALUES (834, 13, '郑州', NULL, NULL, '2020-11-04 10:28:26', NULL, '2020-11-04 10:28:26');
INSERT INTO `org_user` VALUES (835, 14, '郑州', NULL, NULL, '2020-11-04 10:28:26', NULL, '2020-11-04 10:28:26');
INSERT INTO `org_user` VALUES (836, 15, '郑州', NULL, NULL, '2020-11-04 10:28:26', NULL, '2020-11-04 10:28:26');
INSERT INTO `org_user` VALUES (837, 16, '郑州', NULL, NULL, '2020-11-04 10:28:26', NULL, '2020-11-04 10:28:26');
INSERT INTO `org_user` VALUES (838, 17, '郑州', NULL, NULL, '2020-11-04 10:28:26', NULL, '2020-11-04 10:28:26');
INSERT INTO `org_user` VALUES (839, 18, '郑州', NULL, NULL, '2020-11-04 10:28:26', NULL, '2020-11-04 10:28:26');
INSERT INTO `org_user` VALUES (840, 19, '郑州', NULL, NULL, '2020-11-04 10:28:26', NULL, '2020-11-04 10:28:26');
INSERT INTO `org_user` VALUES (841, 1, '郑送', NULL, NULL, '2020-11-04 10:28:35', NULL, '2020-11-04 10:28:35');
INSERT INTO `org_user` VALUES (842, 2, '郑送', NULL, NULL, '2020-11-04 10:28:35', NULL, '2020-11-04 10:28:35');
INSERT INTO `org_user` VALUES (843, 3, '郑送', NULL, NULL, '2020-11-04 10:28:35', NULL, '2020-11-04 10:28:35');
INSERT INTO `org_user` VALUES (844, 4, '郑送', NULL, NULL, '2020-11-04 10:28:35', NULL, '2020-11-04 10:28:35');
INSERT INTO `org_user` VALUES (845, 5, '郑送', NULL, NULL, '2020-11-04 10:28:35', NULL, '2020-11-04 10:28:35');
INSERT INTO `org_user` VALUES (846, 6, '郑送', NULL, NULL, '2020-11-04 10:28:35', NULL, '2020-11-04 10:28:35');
INSERT INTO `org_user` VALUES (847, 7, '郑送', NULL, NULL, '2020-11-04 10:28:35', NULL, '2020-11-04 10:28:35');
INSERT INTO `org_user` VALUES (848, 8, '郑送', NULL, NULL, '2020-11-04 10:28:35', NULL, '2020-11-04 10:28:35');
INSERT INTO `org_user` VALUES (849, 9, '郑送', NULL, NULL, '2020-11-04 10:28:35', NULL, '2020-11-04 10:28:35');
INSERT INTO `org_user` VALUES (850, 10, '郑送', NULL, NULL, '2020-11-04 10:28:35', NULL, '2020-11-04 10:28:35');
INSERT INTO `org_user` VALUES (851, 11, '郑送', NULL, NULL, '2020-11-04 10:28:35', NULL, '2020-11-04 10:28:35');
INSERT INTO `org_user` VALUES (852, 12, '郑送', NULL, NULL, '2020-11-04 10:28:35', NULL, '2020-11-04 10:28:35');
INSERT INTO `org_user` VALUES (853, 13, '郑送', NULL, NULL, '2020-11-04 10:28:35', NULL, '2020-11-04 10:28:35');
INSERT INTO `org_user` VALUES (854, 14, '郑送', NULL, NULL, '2020-11-04 10:28:35', NULL, '2020-11-04 10:28:35');
INSERT INTO `org_user` VALUES (855, 15, '郑送', NULL, NULL, '2020-11-04 10:28:35', NULL, '2020-11-04 10:28:35');
INSERT INTO `org_user` VALUES (856, 16, '郑送', NULL, NULL, '2020-11-04 10:28:35', NULL, '2020-11-04 10:28:35');
INSERT INTO `org_user` VALUES (857, 17, '郑送', NULL, NULL, '2020-11-04 10:28:35', NULL, '2020-11-04 10:28:35');
INSERT INTO `org_user` VALUES (858, 18, '郑送', NULL, NULL, '2020-11-04 10:28:35', NULL, '2020-11-04 10:28:35');
INSERT INTO `org_user` VALUES (859, 19, '郑送', NULL, NULL, '2020-11-04 10:28:35', NULL, '2020-11-04 10:28:35');
INSERT INTO `org_user` VALUES (860, 1, '郑威威', NULL, NULL, '2020-11-04 10:28:56', NULL, '2020-11-04 10:28:56');
INSERT INTO `org_user` VALUES (861, 2, '郑威威', NULL, NULL, '2020-11-04 10:28:56', NULL, '2020-11-04 10:28:56');
INSERT INTO `org_user` VALUES (862, 3, '郑威威', NULL, NULL, '2020-11-04 10:28:56', NULL, '2020-11-04 10:28:56');
INSERT INTO `org_user` VALUES (863, 4, '郑威威', NULL, NULL, '2020-11-04 10:28:56', NULL, '2020-11-04 10:28:56');
INSERT INTO `org_user` VALUES (864, 5, '郑威威', NULL, NULL, '2020-11-04 10:28:56', NULL, '2020-11-04 10:28:56');
INSERT INTO `org_user` VALUES (865, 6, '郑威威', NULL, NULL, '2020-11-04 10:28:56', NULL, '2020-11-04 10:28:56');
INSERT INTO `org_user` VALUES (866, 7, '郑威威', NULL, NULL, '2020-11-04 10:28:56', NULL, '2020-11-04 10:28:56');
INSERT INTO `org_user` VALUES (867, 8, '郑威威', NULL, NULL, '2020-11-04 10:28:56', NULL, '2020-11-04 10:28:56');
INSERT INTO `org_user` VALUES (868, 9, '郑威威', NULL, NULL, '2020-11-04 10:28:56', NULL, '2020-11-04 10:28:56');
INSERT INTO `org_user` VALUES (869, 10, '郑威威', NULL, NULL, '2020-11-04 10:28:56', NULL, '2020-11-04 10:28:56');
INSERT INTO `org_user` VALUES (870, 11, '郑威威', NULL, NULL, '2020-11-04 10:28:56', NULL, '2020-11-04 10:28:56');
INSERT INTO `org_user` VALUES (871, 12, '郑威威', NULL, NULL, '2020-11-04 10:28:56', NULL, '2020-11-04 10:28:56');
INSERT INTO `org_user` VALUES (872, 13, '郑威威', NULL, NULL, '2020-11-04 10:28:56', NULL, '2020-11-04 10:28:56');
INSERT INTO `org_user` VALUES (873, 14, '郑威威', NULL, NULL, '2020-11-04 10:28:56', NULL, '2020-11-04 10:28:56');
INSERT INTO `org_user` VALUES (874, 15, '郑威威', NULL, NULL, '2020-11-04 10:28:56', NULL, '2020-11-04 10:28:56');
INSERT INTO `org_user` VALUES (875, 16, '郑威威', NULL, NULL, '2020-11-04 10:28:56', NULL, '2020-11-04 10:28:56');
INSERT INTO `org_user` VALUES (876, 17, '郑威威', NULL, NULL, '2020-11-04 10:28:56', NULL, '2020-11-04 10:28:56');
INSERT INTO `org_user` VALUES (877, 18, '郑威威', NULL, NULL, '2020-11-04 10:28:56', NULL, '2020-11-04 10:28:56');
INSERT INTO `org_user` VALUES (878, 19, '郑威威', NULL, NULL, '2020-11-04 10:28:56', NULL, '2020-11-04 10:28:56');
INSERT INTO `org_user` VALUES (879, 1, '郑强强', NULL, NULL, '2020-11-04 10:29:02', NULL, '2020-11-04 10:29:02');
INSERT INTO `org_user` VALUES (880, 2, '郑强强', NULL, NULL, '2020-11-04 10:29:02', NULL, '2020-11-04 10:29:02');
INSERT INTO `org_user` VALUES (881, 3, '郑强强', NULL, NULL, '2020-11-04 10:29:02', NULL, '2020-11-04 10:29:02');
INSERT INTO `org_user` VALUES (882, 4, '郑强强', NULL, NULL, '2020-11-04 10:29:02', NULL, '2020-11-04 10:29:02');
INSERT INTO `org_user` VALUES (883, 5, '郑强强', NULL, NULL, '2020-11-04 10:29:02', NULL, '2020-11-04 10:29:02');
INSERT INTO `org_user` VALUES (884, 6, '郑强强', NULL, NULL, '2020-11-04 10:29:02', NULL, '2020-11-04 10:29:02');
INSERT INTO `org_user` VALUES (885, 7, '郑强强', NULL, NULL, '2020-11-04 10:29:02', NULL, '2020-11-04 10:29:02');
INSERT INTO `org_user` VALUES (886, 8, '郑强强', NULL, NULL, '2020-11-04 10:29:02', NULL, '2020-11-04 10:29:02');
INSERT INTO `org_user` VALUES (887, 9, '郑强强', NULL, NULL, '2020-11-04 10:29:02', NULL, '2020-11-04 10:29:02');
INSERT INTO `org_user` VALUES (888, 10, '郑强强', NULL, NULL, '2020-11-04 10:29:02', NULL, '2020-11-04 10:29:02');
INSERT INTO `org_user` VALUES (889, 11, '郑强强', NULL, NULL, '2020-11-04 10:29:02', NULL, '2020-11-04 10:29:02');
INSERT INTO `org_user` VALUES (890, 12, '郑强强', NULL, NULL, '2020-11-04 10:29:02', NULL, '2020-11-04 10:29:02');
INSERT INTO `org_user` VALUES (891, 13, '郑强强', NULL, NULL, '2020-11-04 10:29:02', NULL, '2020-11-04 10:29:02');
INSERT INTO `org_user` VALUES (892, 14, '郑强强', NULL, NULL, '2020-11-04 10:29:02', NULL, '2020-11-04 10:29:02');
INSERT INTO `org_user` VALUES (893, 15, '郑强强', NULL, NULL, '2020-11-04 10:29:02', NULL, '2020-11-04 10:29:02');
INSERT INTO `org_user` VALUES (894, 16, '郑强强', NULL, NULL, '2020-11-04 10:29:02', NULL, '2020-11-04 10:29:02');
INSERT INTO `org_user` VALUES (895, 17, '郑强强', NULL, NULL, '2020-11-04 10:29:02', NULL, '2020-11-04 10:29:02');
INSERT INTO `org_user` VALUES (896, 18, '郑强强', NULL, NULL, '2020-11-04 10:29:02', NULL, '2020-11-04 10:29:02');
INSERT INTO `org_user` VALUES (897, 19, '郑强强', NULL, NULL, '2020-11-04 10:29:02', NULL, '2020-11-04 10:29:02');
INSERT INTO `org_user` VALUES (898, 1, '郑荣强', NULL, NULL, '2020-11-04 10:29:12', NULL, '2020-11-04 10:29:12');
INSERT INTO `org_user` VALUES (899, 2, '郑荣强', NULL, NULL, '2020-11-04 10:29:12', NULL, '2020-11-04 10:29:12');
INSERT INTO `org_user` VALUES (900, 3, '郑荣强', NULL, NULL, '2020-11-04 10:29:12', NULL, '2020-11-04 10:29:12');
INSERT INTO `org_user` VALUES (901, 4, '郑荣强', NULL, NULL, '2020-11-04 10:29:12', NULL, '2020-11-04 10:29:12');
INSERT INTO `org_user` VALUES (902, 5, '郑荣强', NULL, NULL, '2020-11-04 10:29:12', NULL, '2020-11-04 10:29:12');
INSERT INTO `org_user` VALUES (903, 6, '郑荣强', NULL, NULL, '2020-11-04 10:29:12', NULL, '2020-11-04 10:29:12');
INSERT INTO `org_user` VALUES (904, 7, '郑荣强', NULL, NULL, '2020-11-04 10:29:12', NULL, '2020-11-04 10:29:12');
INSERT INTO `org_user` VALUES (905, 8, '郑荣强', NULL, NULL, '2020-11-04 10:29:12', NULL, '2020-11-04 10:29:12');
INSERT INTO `org_user` VALUES (906, 9, '郑荣强', NULL, NULL, '2020-11-04 10:29:12', NULL, '2020-11-04 10:29:12');
INSERT INTO `org_user` VALUES (907, 10, '郑荣强', NULL, NULL, '2020-11-04 10:29:12', NULL, '2020-11-04 10:29:12');
INSERT INTO `org_user` VALUES (908, 11, '郑荣强', NULL, NULL, '2020-11-04 10:29:12', NULL, '2020-11-04 10:29:12');
INSERT INTO `org_user` VALUES (909, 12, '郑荣强', NULL, NULL, '2020-11-04 10:29:12', NULL, '2020-11-04 10:29:12');
INSERT INTO `org_user` VALUES (910, 13, '郑荣强', NULL, NULL, '2020-11-04 10:29:12', NULL, '2020-11-04 10:29:12');
INSERT INTO `org_user` VALUES (911, 14, '郑荣强', NULL, NULL, '2020-11-04 10:29:12', NULL, '2020-11-04 10:29:12');
INSERT INTO `org_user` VALUES (912, 15, '郑荣强', NULL, NULL, '2020-11-04 10:29:12', NULL, '2020-11-04 10:29:12');
INSERT INTO `org_user` VALUES (913, 16, '郑荣强', NULL, NULL, '2020-11-04 10:29:12', NULL, '2020-11-04 10:29:12');
INSERT INTO `org_user` VALUES (914, 17, '郑荣强', NULL, NULL, '2020-11-04 10:29:12', NULL, '2020-11-04 10:29:12');
INSERT INTO `org_user` VALUES (915, 18, '郑荣强', NULL, NULL, '2020-11-04 10:29:12', NULL, '2020-11-04 10:29:12');
INSERT INTO `org_user` VALUES (916, 19, '郑荣强', NULL, NULL, '2020-11-04 10:29:12', NULL, '2020-11-04 10:29:12');
INSERT INTO `org_user` VALUES (917, 1, '郑查查', NULL, NULL, '2020-11-04 10:29:48', NULL, '2020-11-04 10:29:48');
INSERT INTO `org_user` VALUES (918, 2, '郑查查', NULL, NULL, '2020-11-04 10:29:48', NULL, '2020-11-04 10:29:48');
INSERT INTO `org_user` VALUES (919, 3, '郑查查', NULL, NULL, '2020-11-04 10:29:48', NULL, '2020-11-04 10:29:48');
INSERT INTO `org_user` VALUES (920, 4, '郑查查', NULL, NULL, '2020-11-04 10:29:48', NULL, '2020-11-04 10:29:48');
INSERT INTO `org_user` VALUES (921, 5, '郑查查', NULL, NULL, '2020-11-04 10:29:48', NULL, '2020-11-04 10:29:48');
INSERT INTO `org_user` VALUES (922, 6, '郑查查', NULL, NULL, '2020-11-04 10:29:48', NULL, '2020-11-04 10:29:48');
INSERT INTO `org_user` VALUES (923, 7, '郑查查', NULL, NULL, '2020-11-04 10:29:48', NULL, '2020-11-04 10:29:48');
INSERT INTO `org_user` VALUES (924, 8, '郑查查', NULL, NULL, '2020-11-04 10:29:48', NULL, '2020-11-04 10:29:48');
INSERT INTO `org_user` VALUES (925, 9, '郑查查', NULL, NULL, '2020-11-04 10:29:48', NULL, '2020-11-04 10:29:48');
INSERT INTO `org_user` VALUES (926, 10, '郑查查', NULL, NULL, '2020-11-04 10:29:48', NULL, '2020-11-04 10:29:48');
INSERT INTO `org_user` VALUES (927, 11, '郑查查', NULL, NULL, '2020-11-04 10:29:48', NULL, '2020-11-04 10:29:48');
INSERT INTO `org_user` VALUES (928, 12, '郑查查', NULL, NULL, '2020-11-04 10:29:48', NULL, '2020-11-04 10:29:48');
INSERT INTO `org_user` VALUES (929, 13, '郑查查', NULL, NULL, '2020-11-04 10:29:48', NULL, '2020-11-04 10:29:48');
INSERT INTO `org_user` VALUES (930, 14, '郑查查', NULL, NULL, '2020-11-04 10:29:48', NULL, '2020-11-04 10:29:48');
INSERT INTO `org_user` VALUES (931, 15, '郑查查', NULL, NULL, '2020-11-04 10:29:48', NULL, '2020-11-04 10:29:48');
INSERT INTO `org_user` VALUES (932, 16, '郑查查', NULL, NULL, '2020-11-04 10:29:48', NULL, '2020-11-04 10:29:48');
INSERT INTO `org_user` VALUES (933, 17, '郑查查', NULL, NULL, '2020-11-04 10:29:48', NULL, '2020-11-04 10:29:48');
INSERT INTO `org_user` VALUES (934, 18, '郑查查', NULL, NULL, '2020-11-04 10:29:48', NULL, '2020-11-04 10:29:48');
INSERT INTO `org_user` VALUES (935, 19, '郑查查', NULL, NULL, '2020-11-04 10:29:48', NULL, '2020-11-04 10:29:48');
INSERT INTO `org_user` VALUES (936, 1, '查聊聊', NULL, NULL, '2020-11-04 10:29:58', NULL, '2020-11-04 10:29:58');
INSERT INTO `org_user` VALUES (937, 2, '查聊聊', NULL, NULL, '2020-11-04 10:29:58', NULL, '2020-11-04 10:29:58');
INSERT INTO `org_user` VALUES (938, 3, '查聊聊', NULL, NULL, '2020-11-04 10:29:58', NULL, '2020-11-04 10:29:58');
INSERT INTO `org_user` VALUES (939, 4, '查聊聊', NULL, NULL, '2020-11-04 10:29:58', NULL, '2020-11-04 10:29:58');
INSERT INTO `org_user` VALUES (940, 5, '查聊聊', NULL, NULL, '2020-11-04 10:29:58', NULL, '2020-11-04 10:29:58');
INSERT INTO `org_user` VALUES (941, 6, '查聊聊', NULL, NULL, '2020-11-04 10:29:58', NULL, '2020-11-04 10:29:58');
INSERT INTO `org_user` VALUES (942, 7, '查聊聊', NULL, NULL, '2020-11-04 10:29:58', NULL, '2020-11-04 10:29:58');
INSERT INTO `org_user` VALUES (943, 8, '查聊聊', NULL, NULL, '2020-11-04 10:29:58', NULL, '2020-11-04 10:29:58');
INSERT INTO `org_user` VALUES (944, 9, '查聊聊', NULL, NULL, '2020-11-04 10:29:58', NULL, '2020-11-04 10:29:58');
INSERT INTO `org_user` VALUES (945, 10, '查聊聊', NULL, NULL, '2020-11-04 10:29:58', NULL, '2020-11-04 10:29:58');
INSERT INTO `org_user` VALUES (946, 11, '查聊聊', NULL, NULL, '2020-11-04 10:29:58', NULL, '2020-11-04 10:29:58');
INSERT INTO `org_user` VALUES (947, 12, '查聊聊', NULL, NULL, '2020-11-04 10:29:58', NULL, '2020-11-04 10:29:58');
INSERT INTO `org_user` VALUES (948, 13, '查聊聊', NULL, NULL, '2020-11-04 10:29:58', NULL, '2020-11-04 10:29:58');
INSERT INTO `org_user` VALUES (949, 14, '查聊聊', NULL, NULL, '2020-11-04 10:29:58', NULL, '2020-11-04 10:29:58');
INSERT INTO `org_user` VALUES (950, 15, '查聊聊', NULL, NULL, '2020-11-04 10:29:58', NULL, '2020-11-04 10:29:58');
INSERT INTO `org_user` VALUES (951, 16, '查聊聊', NULL, NULL, '2020-11-04 10:29:58', NULL, '2020-11-04 10:29:58');
INSERT INTO `org_user` VALUES (952, 17, '查聊聊', NULL, NULL, '2020-11-04 10:29:58', NULL, '2020-11-04 10:29:58');
INSERT INTO `org_user` VALUES (953, 18, '查聊聊', NULL, NULL, '2020-11-04 10:29:58', NULL, '2020-11-04 10:29:58');
INSERT INTO `org_user` VALUES (954, 19, '查聊聊', NULL, NULL, '2020-11-04 10:29:58', NULL, '2020-11-04 10:29:58');

SET FOREIGN_KEY_CHECKS = 1;
